id,test_prefix,test_name
jsoup_840_5,"    @Test
    public void testPathScopedCookies_5_oe() throws IOException {
        final Connection session = Jsoup.newSession();
        final String userAgent = ""Jsoup Testalot v0.1"";

        session.userAgent(userAgent);
        session.url(CookieServlet.Url);

        // should have no cookies:
        Connection con1 = session.newRequest();
        Document doc1 = con1.get();
        // removed other assertion
        Connection con2 = session.newRequest().data(CookieServlet.SetCookiesParam,""1"");
        Document doc2 = con2.get();
        // removed other assertion
        Map<String,String> cookies = con2.response().cookies();// simple cookie response,all named ""One"",so should be first sent 
        // removed other assertion
        // removed other assertion

        // todo - interrogate cookie-store

        // check that they are sent and filtered to the right path
        Connection con3 = session.newRequest();
        Document doc3 = con3.get();
        assertCookieServlet(doc3);
    }
",SessionTest::testPathScopedCookies_5_oe
jsoup_840_6,"    @Test
    public void testPathScopedCookies_6_oe() throws IOException {
        final Connection session = Jsoup.newSession();
        final String userAgent = ""Jsoup Testalot v0.1"";

        session.userAgent(userAgent);
        session.url(CookieServlet.Url);

        // should have no cookies:
        Connection con1 = session.newRequest();
        Document doc1 = con1.get();
        // removed other assertion
        Connection con2 = session.newRequest().data(CookieServlet.SetCookiesParam,""1"");
        Document doc2 = con2.get();
        // removed other assertion
        Map<String,String> cookies = con2.response().cookies();// simple cookie response,all named ""One"",so should be first sent 
        // removed other assertion
        // removed other assertion

        // todo - interrogate cookie-store

        // check that they are sent and filtered to the right path
        Connection con3 = session.newRequest();
        Document doc3 = con3.get();
        // removed other assertion

        Document echo = session.newRequest().url(EchoServlet.Url).get();
        assertEchoServlet(echo);
    }
",SessionTest::testPathScopedCookies_6_oe
jsoup_841_2,"    @Test
    public void testPathScopedCookiesOnRedirect_2_oe() throws IOException {
        Connection session = Jsoup.newSession();

        Document doc1 = session.newRequest()
            .url(CookieServlet.Url)
            .data(CookieServlet.LocationParam, EchoServlet.Url)
            .data(CookieServlet.SetCookiesParam, ""1"")
            .get();

        // we should be redirected to the echo servlet with cookies
        // removed other assertion
        assertEchoServlet(doc1); // checks we only have /echo cookies;
    }
",SessionTest::testPathScopedCookiesOnRedirect_2_oe
jsoup_841_3,"    @Test
    public void testPathScopedCookiesOnRedirect_3_oe() throws IOException {
        Connection session = Jsoup.newSession();

        Document doc1 = session.newRequest()
            .url(CookieServlet.Url)
            .data(CookieServlet.LocationParam, EchoServlet.Url)
            .data(CookieServlet.SetCookiesParam, ""1"")
            .get();

        // we should be redirected to the echo servlet with cookies
        // removed other assertion
        // removed other assertion

        Document doc2 = session.newRequest()
            .url(EchoServlet.Url)
            .get();
        assertEchoServlet(doc2); // test retained in session;
    }
",SessionTest::testPathScopedCookiesOnRedirect_3_oe
jsoup_841_4,"    @Test
    public void testPathScopedCookiesOnRedirect_4_oe() throws IOException {
        Connection session = Jsoup.newSession();

        Document doc1 = session.newRequest()
            .url(CookieServlet.Url)
            .data(CookieServlet.LocationParam, EchoServlet.Url)
            .data(CookieServlet.SetCookiesParam, ""1"")
            .get();

        // we should be redirected to the echo servlet with cookies
        // removed other assertion
        // removed other assertion

        Document doc2 = session.newRequest()
            .url(EchoServlet.Url)
            .get();
        // removed other assertion

        Document doc3 = session.newRequest()
            .url(CookieServlet.Url)
            .get();
        assertCookieServlet(doc3); // and so were the /cookie cookies;
    }
",SessionTest::testPathScopedCookiesOnRedirect_4_oe
