id,test_prefix,test_name,mut_class,method_under_test,mut_docstring,mut_method_definition,focal_method,docstring
net_17_1,"    public void testNET641_1_oe() {
        assertFalse(new SubnetUtils(""192.168.1.0/00"").getInfo().isInRange(""0.0.0.0""));
    }
",SubnetUtilsTest::testNET641_1_oe,org.apache.commons.net.util.SubnetUtils.SubnetInfo,isInRange(final String address),"/**
         * Returns true if the parameter <code>address</code> is in the
         * range of usable endpoint addresses for this subnet. This excludes the
         * network and broadcast addresses. Use {@link SubnetUtils#setInclusiveHostCount(boolean)}
         * to change this.
         * @param address A dot-delimited IPv4 address, e.g. ""192.168.0.1""
         * @return True if in range, false otherwise
         */","public boolean isInRange(final String address) {
            return isInRange(toInteger(address));
        }","public boolean isInRange(final String address) {
            return isInRange(toInteger(address));
        }","/**
         * Returns true if the parameter <code>address</code> is in the
         * range of usable endpoint addresses for this subnet. This excludes the
         * network and broadcast addresses. Use {@link SubnetUtils#setInclusiveHostCount(boolean)}
         * to change this.
         * @param address A dot-delimited IPv4 address, e.g. ""192.168.0.1""
         * @return True if in range, false otherwise
         */"
net_17_2,"    public void testNET641_2_oe() {
        // removed other assertion
        assertFalse(new SubnetUtils(""192.168.1.0/30"").getInfo().isInRange(""0.0.0.0""));
    }
",SubnetUtilsTest::testNET641_2_oe,org.apache.commons.net.util.SubnetUtils.SubnetInfo,isInRange(final String address),"/**
         * Returns true if the parameter <code>address</code> is in the
         * range of usable endpoint addresses for this subnet. This excludes the
         * network and broadcast addresses. Use {@link SubnetUtils#setInclusiveHostCount(boolean)}
         * to change this.
         * @param address A dot-delimited IPv4 address, e.g. ""192.168.0.1""
         * @return True if in range, false otherwise
         */","public boolean isInRange(final String address) {
            return isInRange(toInteger(address));
        }","public boolean isInRange(final String address) {
            return isInRange(toInteger(address));
        }","/**
         * Returns true if the parameter <code>address</code> is in the
         * range of usable endpoint addresses for this subnet. This excludes the
         * network and broadcast addresses. Use {@link SubnetUtils#setInclusiveHostCount(boolean)}
         * to change this.
         * @param address A dot-delimited IPv4 address, e.g. ""192.168.0.1""
         * @return True if in range, false otherwise
         */"
net_17_3,"    public void testNET641_3_oe() {
        // removed other assertion
        // removed other assertion
        assertFalse(new SubnetUtils(""192.168.1.0/31"").getInfo().isInRange(""0.0.0.0""));
    }
",SubnetUtilsTest::testNET641_3_oe,org.apache.commons.net.util.SubnetUtils.SubnetInfo,isInRange(final String address),"/**
         * Returns true if the parameter <code>address</code> is in the
         * range of usable endpoint addresses for this subnet. This excludes the
         * network and broadcast addresses. Use {@link SubnetUtils#setInclusiveHostCount(boolean)}
         * to change this.
         * @param address A dot-delimited IPv4 address, e.g. ""192.168.0.1""
         * @return True if in range, false otherwise
         */","public boolean isInRange(final String address) {
            return isInRange(toInteger(address));
        }","public boolean isInRange(final String address) {
            return isInRange(toInteger(address));
        }","/**
         * Returns true if the parameter <code>address</code> is in the
         * range of usable endpoint addresses for this subnet. This excludes the
         * network and broadcast addresses. Use {@link SubnetUtils#setInclusiveHostCount(boolean)}
         * to change this.
         * @param address A dot-delimited IPv4 address, e.g. ""192.168.0.1""
         * @return True if in range, false otherwise
         */"
net_17_4,"    public void testNET641_4_oe() {
        // removed other assertion
        // removed other assertion
        // removed other assertion
        assertFalse(new SubnetUtils(""192.168.1.0/32"").getInfo().isInRange(""0.0.0.0""));
    }
",SubnetUtilsTest::testNET641_4_oe,org.apache.commons.net.util.SubnetUtils.SubnetInfo,isInRange(final String address),"/**
         * Returns true if the parameter <code>address</code> is in the
         * range of usable endpoint addresses for this subnet. This excludes the
         * network and broadcast addresses. Use {@link SubnetUtils#setInclusiveHostCount(boolean)}
         * to change this.
         * @param address A dot-delimited IPv4 address, e.g. ""192.168.0.1""
         * @return True if in range, false otherwise
         */","public boolean isInRange(final String address) {
            return isInRange(toInteger(address));
        }","public boolean isInRange(final String address) {
            return isInRange(toInteger(address));
        }","/**
         * Returns true if the parameter <code>address</code> is in the
         * range of usable endpoint addresses for this subnet. This excludes the
         * network and broadcast addresses. Use {@link SubnetUtils#setInclusiveHostCount(boolean)}
         * to change this.
         * @param address A dot-delimited IPv4 address, e.g. ""192.168.0.1""
         * @return True if in range, false otherwise
         */"
net_24_1,"    public void testConstants_1_oe()
    {
        //From POP3
        assertEquals(110, POP3.DEFAULT_PORT);
    }
",POP3ConstructorTest::testConstants_1_oe,,,,,,
net_24_2,"    public void testConstants_2_oe()
    {
        //From POP3
        // removed other assertion
        assertEquals(-1, POP3.DISCONNECTED_STATE);
    }
",POP3ConstructorTest::testConstants_2_oe,,,,,,
net_24_3,"    public void testConstants_3_oe()
    {
        //From POP3
        // removed other assertion
        // removed other assertion
        assertEquals(0, POP3.AUTHORIZATION_STATE);
    }
",POP3ConstructorTest::testConstants_3_oe,,,,,,
net_24_4,"    public void testConstants_4_oe()
    {
        //From POP3
        // removed other assertion
        // removed other assertion
        // removed other assertion
        assertEquals(1, POP3.TRANSACTION_STATE);
    }
",POP3ConstructorTest::testConstants_4_oe,,,,,,
net_24_5,"    public void testConstants_5_oe()
    {
        //From POP3
        // removed other assertion
        // removed other assertion
        // removed other assertion
        // removed other assertion
        assertEquals(2, POP3.UPDATE_STATE);
    }
",POP3ConstructorTest::testConstants_5_oe,,,,,,
net_24_6,"    public void testConstants_6_oe()
    {
        //From POP3
        // removed other assertion
        // removed other assertion
        // removed other assertion
        // removed other assertion
        // removed other assertion

        //From POP3Command
        assertEquals(0, POP3Command.USER);
    }
",POP3ConstructorTest::testConstants_6_oe,,,,,,
net_24_7,"    public void testConstants_7_oe()
    {
        //From POP3
        // removed other assertion
        // removed other assertion
        // removed other assertion
        // removed other assertion
        // removed other assertion

        //From POP3Command
        // removed other assertion
        assertEquals(1, POP3Command.PASS);
    }
",POP3ConstructorTest::testConstants_7_oe,,,,,,
net_24_8,"    public void testConstants_8_oe()
    {
        //From POP3
        // removed other assertion
        // removed other assertion
        // removed other assertion
        // removed other assertion
        // removed other assertion

        //From POP3Command
        // removed other assertion
        // removed other assertion
        assertEquals(2, POP3Command.QUIT);
    }
",POP3ConstructorTest::testConstants_8_oe,,,,,,
net_24_9,"    public void testConstants_9_oe()
    {
        //From POP3
        // removed other assertion
        // removed other assertion
        // removed other assertion
        // removed other assertion
        // removed other assertion

        //From POP3Command
        // removed other assertion
        // removed other assertion
        // removed other assertion
        assertEquals(3, POP3Command.STAT);
    }
",POP3ConstructorTest::testConstants_9_oe,,,,,,
net_24_10,"    public void testConstants_10_oe()
    {
        //From POP3
        // removed other assertion
        // removed other assertion
        // removed other assertion
        // removed other assertion
        // removed other assertion

        //From POP3Command
        // removed other assertion
        // removed other assertion
        // removed other assertion
        // removed other assertion
        assertEquals(4, POP3Command.LIST);
    }
",POP3ConstructorTest::testConstants_10_oe,,,,,,
net_24_11,"    public void testConstants_11_oe()
    {
        //From POP3
        // removed other assertion
        // removed other assertion
        // removed other assertion
        // removed other assertion
        // removed other assertion

        //From POP3Command
        // removed other assertion
        // removed other assertion
        // removed other assertion
        // removed other assertion
        // removed other assertion
        assertEquals(5, POP3Command.RETR);
    }
",POP3ConstructorTest::testConstants_11_oe,,,,,,
net_24_12,"    public void testConstants_12_oe()
    {
        //From POP3
        // removed other assertion
        // removed other assertion
        // removed other assertion
        // removed other assertion
        // removed other assertion

        //From POP3Command
        // removed other assertion
        // removed other assertion
        // removed other assertion
        // removed other assertion
        // removed other assertion
        // removed other assertion
        assertEquals(6, POP3Command.DELE);
    }
",POP3ConstructorTest::testConstants_12_oe,,,,,,
net_24_13,"    public void testConstants_13_oe()
    {
        //From POP3
        // removed other assertion
        // removed other assertion
        // removed other assertion
        // removed other assertion
        // removed other assertion

        //From POP3Command
        // removed other assertion
        // removed other assertion
        // removed other assertion
        // removed other assertion
        // removed other assertion
        // removed other assertion
        // removed other assertion
        assertEquals(7, POP3Command.NOOP);
    }
",POP3ConstructorTest::testConstants_13_oe,,,,,,
net_24_14,"    public void testConstants_14_oe()
    {
        //From POP3
        // removed other assertion
        // removed other assertion
        // removed other assertion
        // removed other assertion
        // removed other assertion

        //From POP3Command
        // removed other assertion
        // removed other assertion
        // removed other assertion
        // removed other assertion
        // removed other assertion
        // removed other assertion
        // removed other assertion
        // removed other assertion
        assertEquals(8, POP3Command.RSET);
    }
",POP3ConstructorTest::testConstants_14_oe,,,,,,
net_24_15,"    public void testConstants_15_oe()
    {
        //From POP3
        // removed other assertion
        // removed other assertion
        // removed other assertion
        // removed other assertion
        // removed other assertion

        //From POP3Command
        // removed other assertion
        // removed other assertion
        // removed other assertion
        // removed other assertion
        // removed other assertion
        // removed other assertion
        // removed other assertion
        // removed other assertion
        // removed other assertion
        assertEquals(9, POP3Command.APOP);
    }
",POP3ConstructorTest::testConstants_15_oe,,,,,,
net_24_16,"    public void testConstants_16_oe()
    {
        //From POP3
        // removed other assertion
        // removed other assertion
        // removed other assertion
        // removed other assertion
        // removed other assertion

        //From POP3Command
        // removed other assertion
        // removed other assertion
        // removed other assertion
        // removed other assertion
        // removed other assertion
        // removed other assertion
        // removed other assertion
        // removed other assertion
        // removed other assertion
        // removed other assertion
        assertEquals(10, POP3Command.TOP);
    }
",POP3ConstructorTest::testConstants_16_oe,,,,,,
net_24_17,"    public void testConstants_17_oe()
    {
        //From POP3
        // removed other assertion
        // removed other assertion
        // removed other assertion
        // removed other assertion
        // removed other assertion

        //From POP3Command
        // removed other assertion
        // removed other assertion
        // removed other assertion
        // removed other assertion
        // removed other assertion
        // removed other assertion
        // removed other assertion
        // removed other assertion
        // removed other assertion
        // removed other assertion
        // removed other assertion
        assertEquals(11, POP3Command.UIDL);
    }
",POP3ConstructorTest::testConstants_17_oe,,,,,,
net_160_1,"    @Test
    public void testToString_1_oe() {
        assertNotNull(header);
    }
",SimpleSMTPHeaderTestCase::testToString_1_oe,,,,,,
net_160_2,"    @Test
    public void testToString_2_oe() {
        // removed other assertion
        // Note that the DotTerminatedMessageWriter converts LF to CRLF
        assertEquals(""From: from@here.invalid\nTo: to@there.invalid\nSubject: Test email\n\n"", checkDate(header.toString()));
    }
",SimpleSMTPHeaderTestCase::testToString_2_oe,,,,,,
net_173_1,"    @Test
    public void testIsBase64_1_oe() {
        assertTrue(Base64.isBase64((byte)'b'));
    }
",Base64Test::testIsBase64_1_oe,org.apache.commons.net.util.Base64,isBase64(final byte octet),"/**
     * Returns whether or not the <code>octet</code> is in the base 64 alphabet.
     *
     * @param octet
     *            The value to test
     * @return <code>true</code> if the value is defined in the the base 64 alphabet, <code>false</code> otherwise.
     * @since 1.4
     */","public static boolean isBase64(final byte octet) {
        return octet == PAD || (octet >= 0 && octet < DECODE_TABLE.length && DECODE_TABLE[octet] != -1);
    }","public static boolean isBase64(final byte octet) {
        return octet == PAD || (octet >= 0 && octet < DECODE_TABLE.length && DECODE_TABLE[octet] != -1);
    }","/**
     * Returns whether or not the <code>octet</code> is in the base 64 alphabet.
     *
     * @param octet
     *            The value to test
     * @return <code>true</code> if the value is defined in the the base 64 alphabet, <code>false</code> otherwise.
     * @since 1.4
     */"
net_173_2,"    @Test
    public void testIsBase64_2_oe() {
        // removed other assertion
        assertFalse(Base64.isBase64((byte)' '));
    }
",Base64Test::testIsBase64_2_oe,org.apache.commons.net.util.Base64,isBase64(final byte octet),"/**
     * Returns whether or not the <code>octet</code> is in the base 64 alphabet.
     *
     * @param octet
     *            The value to test
     * @return <code>true</code> if the value is defined in the the base 64 alphabet, <code>false</code> otherwise.
     * @since 1.4
     */","public static boolean isBase64(final byte octet) {
        return octet == PAD || (octet >= 0 && octet < DECODE_TABLE.length && DECODE_TABLE[octet] != -1);
    }","public static boolean isBase64(final byte octet) {
        return octet == PAD || (octet >= 0 && octet < DECODE_TABLE.length && DECODE_TABLE[octet] != -1);
    }","/**
     * Returns whether or not the <code>octet</code> is in the base 64 alphabet.
     *
     * @param octet
     *            The value to test
     * @return <code>true</code> if the value is defined in the the base 64 alphabet, <code>false</code> otherwise.
     * @since 1.4
     */"
net_174_1,"    @Test
    public void testIsArrayByteBase64_1_oe() {
        assertTrue(Base64.isArrayByteBase64(new byte[]{'b',' '}));
    }
",Base64Test::testIsArrayByteBase64_1_oe,org.apache.commons.net.util.Base64,isArrayByteBase64(final byte[] arrayOctet),"/**
     * Tests a given byte array to see if it contains only valid characters within the Base64 alphabet. Currently the
     * method treats whitespace as valid.
     *
     * @param arrayOctet
     *            byte array to test
     * @return <code>true</code> if all bytes are valid characters in the Base64 alphabet or if the byte array is empty;
     *         false, otherwise
     */","public static boolean isArrayByteBase64(final byte[] arrayOctet) {
        for (final byte element : arrayOctet) {
            if (!isBase64(element) && !isWhiteSpace(element)) {
                return false;
            }
        }
        return true;
    }","public static boolean isArrayByteBase64(final byte[] arrayOctet) {
        for (final byte element : arrayOctet) {
            if (!isBase64(element) && !isWhiteSpace(element)) {
                return false;
            }
        }
        return true;
    }","/**
     * Tests a given byte array to see if it contains only valid characters within the Base64 alphabet. Currently the
     * method treats whitespace as valid.
     *
     * @param arrayOctet
     *            byte array to test
     * @return <code>true</code> if all bytes are valid characters in the Base64 alphabet or if the byte array is empty;
     *         false, otherwise
     */"
net_174_2,"    @Test
    public void testIsArrayByteBase64_2_oe() {
        // removed other assertion
        assertFalse(Base64.isArrayByteBase64(new byte[]{'?'}));
    }
",Base64Test::testIsArrayByteBase64_2_oe,org.apache.commons.net.util.Base64,isArrayByteBase64(final byte[] arrayOctet),"/**
     * Tests a given byte array to see if it contains only valid characters within the Base64 alphabet. Currently the
     * method treats whitespace as valid.
     *
     * @param arrayOctet
     *            byte array to test
     * @return <code>true</code> if all bytes are valid characters in the Base64 alphabet or if the byte array is empty;
     *         false, otherwise
     */","public static boolean isArrayByteBase64(final byte[] arrayOctet) {
        for (final byte element : arrayOctet) {
            if (!isBase64(element) && !isWhiteSpace(element)) {
                return false;
            }
        }
        return true;
    }","public static boolean isArrayByteBase64(final byte[] arrayOctet) {
        for (final byte element : arrayOctet) {
            if (!isBase64(element) && !isWhiteSpace(element)) {
                return false;
            }
        }
        return true;
    }","/**
     * Tests a given byte array to see if it contains only valid characters within the Base64 alphabet. Currently the
     * method treats whitespace as valid.
     *
     * @param arrayOctet
     *            byte array to test
     * @return <code>true</code> if all bytes are valid characters in the Base64 alphabet or if the byte array is empty;
     *         false, otherwise
     */"
net_176_1,"    @Test @Ignore
    public void testEncodeBase64StringByteArray_1_oe() {
        fail(""Not yet implemented"");
    }
",Base64Test::testEncodeBase64StringByteArray_1_oe,,,,,,
net_177_1,"    @Test @Ignore
    public void testEncodeBase64StringUnChunked_1_oe() {
        fail(""Not yet implemented"");
    }
",Base64Test::testEncodeBase64StringUnChunked_1_oe,,,,,,
net_178_1,"    @Test @Ignore
    public void testEncodeBase64StringByteArrayBoolean_1_oe() {
        fail(""Not yet implemented"");
    }
",Base64Test::testEncodeBase64StringByteArrayBoolean_1_oe,,,,,,
net_179_1,"    @Test @Ignore
    public void testEncodeBase64URLSafe_1_oe() {
        fail(""Not yet implemented"");
    }
",Base64Test::testEncodeBase64URLSafe_1_oe,,,,,,
net_180_1,"    @Test @Ignore
    public void testEncodeBase64URLSafeString_1_oe() {
        fail(""Not yet implemented"");
    }
",Base64Test::testEncodeBase64URLSafeString_1_oe,,,,,,
net_181_1,"    @Test @Ignore
    public void testEncodeBase64Chunked_1_oe() {
        fail(""Not yet implemented"");
    }
",Base64Test::testEncodeBase64Chunked_1_oe,,,,,,
net_182_1,"    @Test @Ignore
    public void testDecodeObject_1_oe() {
        fail(""Not yet implemented"");
    }
",Base64Test::testDecodeObject_1_oe,,,,,,
net_183_1,"    @Test @Ignore
    public void testDecodeString_1_oe() {
        fail(""Not yet implemented"");
    }
",Base64Test::testDecodeString_1_oe,,,,,,
net_184_1,"    @Test @Ignore
    public void testDecodeByteArray_1_oe() {
        fail(""Not yet implemented"");
    }
",Base64Test::testDecodeByteArray_1_oe,,,,,,
net_185_1,"    @Test @Ignore
    public void testEncodeBase64ByteArrayBoolean_1_oe() {
        fail(""Not yet implemented"");
    }
",Base64Test::testEncodeBase64ByteArrayBoolean_1_oe,,,,,,
net_186_1,"    @Test @Ignore
    public void testEncodeBase64ByteArrayBooleanBoolean_1_oe() {
        fail(""Not yet implemented"");
    }
",Base64Test::testEncodeBase64ByteArrayBooleanBoolean_1_oe,,,,,,
net_188_1,"    @Test @Ignore
    public void testDecodeBase64String_1_oe() {
        fail(""Not yet implemented"");
    }
",Base64Test::testDecodeBase64String_1_oe,,,,,,
net_189_1,"    @Test @Ignore
    public void testDecodeBase64ByteArray_1_oe() {
        fail(""Not yet implemented"");
    }
",Base64Test::testDecodeBase64ByteArray_1_oe,,,,,,
net_190_1,"    @Test @Ignore
    public void testEncodeObject_1_oe() {
        fail(""Not yet implemented"");
    }
",Base64Test::testEncodeObject_1_oe,,,,,,
net_191_1,"    @Test @Ignore
    public void testEncodeToString_1_oe() {
        fail(""Not yet implemented"");
    }
",Base64Test::testEncodeToString_1_oe,,,,,,
net_192_1,"    @Test @Ignore
    public void testEncodeByteArray_1_oe() {
        fail(""Not yet implemented"");
    }
",Base64Test::testEncodeByteArray_1_oe,,,,,,
net_193_1,"    @Test @Ignore
    public void testDecodeInteger_1_oe() {
        fail(""Not yet implemented"");
    }
",Base64Test::testDecodeInteger_1_oe,,,,,,
net_194_1,"    @Test @Ignore
    public void testEncodeInteger_1_oe() {
        fail(""Not yet implemented"");
    }
",Base64Test::testEncodeInteger_1_oe,,,,,,
net_195_1,"    @Test @Ignore
    public void testToIntegerBytes_1_oe() {
        fail(""Not yet implemented"");
    }
",Base64Test::testToIntegerBytes_1_oe,,,,,,
net_196_1,"    public void testConstructors_1_oe()
    {
        assertEquals(opthand1.getOptionCode(), TelnetOption.ECHO);
    }
",EchoOptionHandlerTest::testConstructors_1_oe,org.apache.commons.net.telnet.TelnetOptionHandler,getOptionCode(),"/**
     * Returns the option code for this option.
     * <p>
     * @return Option code.
     */","public int getOptionCode()
    {
        return optionCode;
    }","public int getOptionCode()
    {
        return optionCode;
    }","/**
     * Returns the option code for this option.
     * <p>
     * @return Option code.
     */"
net_208_1,"    public void testConstructors_1_oe()
    {
        assertEquals(opthand1.getOptionCode(), TelnetOption.TERMINAL_TYPE);
    }
",TerminalTypeOptionHandlerTest::testConstructors_1_oe,org.apache.commons.net.telnet.TelnetOptionHandler,getOptionCode(),"/**
     * Returns the option code for this option.
     * <p>
     * @return Option code.
     */","public int getOptionCode()
    {
        return optionCode;
    }","public int getOptionCode()
    {
        return optionCode;
    }","/**
     * Returns the option code for this option.
     * <p>
     * @return Option code.
     */"
net_211_1,"    public void testConstructors_1_oe()
    {
        assertEquals(opthand1.getOptionCode(), TelnetOption.SUPPRESS_GO_AHEAD);
    }
",SuppressGAOptionHandlerTest::testConstructors_1_oe,org.apache.commons.net.telnet.TelnetOptionHandler,getOptionCode(),"/**
     * Returns the option code for this option.
     * <p>
     * @return Option code.
     */","public int getOptionCode()
    {
        return optionCode;
    }","public int getOptionCode()
    {
        return optionCode;
    }","/**
     * Returns the option code for this option.
     * <p>
     * @return Option code.
     */"
net_214_1,"    public void testisValidOption_1_oe()
    {
        assertTrue(TelnetOption.isValidOption(0));
    }
",TelnetOptionTest::testisValidOption_1_oe,org.apache.commons.net.telnet.TelnetOption,isValidOption(final int code),"/**
     * Determines if a given option code is valid.  Returns true if valid,
     * false if not.
     *
     * @param code  The option code to test.
     * @return True if the option code is valid, false if not.
     **/","public static final boolean isValidOption(final int code)
    {
        return code <= LAST_OPTION;
    }","public static final boolean isValidOption(final int code)
    {
        return code <= LAST_OPTION;
    }","/**
     * Determines if a given option code is valid.  Returns true if valid,
     * false if not.
     *
     * @param code  The option code to test.
     * @return True if the option code is valid, false if not.
     **/"
net_214_2,"    public void testisValidOption_2_oe()
    {
        // removed other assertion
        assertTrue(TelnetOption.isValidOption(91));
    }
",TelnetOptionTest::testisValidOption_2_oe,org.apache.commons.net.telnet.TelnetOption,isValidOption(final int code),"/**
     * Determines if a given option code is valid.  Returns true if valid,
     * false if not.
     *
     * @param code  The option code to test.
     * @return True if the option code is valid, false if not.
     **/","public static final boolean isValidOption(final int code)
    {
        return code <= LAST_OPTION;
    }","public static final boolean isValidOption(final int code)
    {
        return code <= LAST_OPTION;
    }","/**
     * Determines if a given option code is valid.  Returns true if valid,
     * false if not.
     *
     * @param code  The option code to test.
     * @return True if the option code is valid, false if not.
     **/"
net_214_3,"    public void testisValidOption_3_oe()
    {
        // removed other assertion
        // removed other assertion
        assertTrue(TelnetOption.isValidOption(255));
    }
",TelnetOptionTest::testisValidOption_3_oe,org.apache.commons.net.telnet.TelnetOption,isValidOption(final int code),"/**
     * Determines if a given option code is valid.  Returns true if valid,
     * false if not.
     *
     * @param code  The option code to test.
     * @return True if the option code is valid, false if not.
     **/","public static final boolean isValidOption(final int code)
    {
        return code <= LAST_OPTION;
    }","public static final boolean isValidOption(final int code)
    {
        return code <= LAST_OPTION;
    }","/**
     * Determines if a given option code is valid.  Returns true if valid,
     * false if not.
     *
     * @param code  The option code to test.
     * @return True if the option code is valid, false if not.
     **/"
net_214_4,"    public void testisValidOption_4_oe()
    {
        // removed other assertion
        // removed other assertion
        // removed other assertion
        assertTrue(!TelnetOption.isValidOption(256));
    }
",TelnetOptionTest::testisValidOption_4_oe,org.apache.commons.net.telnet.TelnetOption,isValidOption(final int code),"/**
     * Determines if a given option code is valid.  Returns true if valid,
     * false if not.
     *
     * @param code  The option code to test.
     * @return True if the option code is valid, false if not.
     **/","public static final boolean isValidOption(final int code)
    {
        return code <= LAST_OPTION;
    }","public static final boolean isValidOption(final int code)
    {
        return code <= LAST_OPTION;
    }","/**
     * Determines if a given option code is valid.  Returns true if valid,
     * false if not.
     *
     * @param code  The option code to test.
     * @return True if the option code is valid, false if not.
     **/"
net_215_1,"    public void testGetOption_1_oe()
    {
        assertEquals(TelnetOption.getOption(0), ""BINARY"");
    }
",TelnetOptionTest::testGetOption_1_oe,org.apache.commons.net.telnet.TelnetOption,getOption(final int code),"/**
     * Returns the string representation of the telnet protocol option
     * corresponding to the given option code.
     *
     * @param code The option code of the telnet protocol option
     * @return The string representation of the telnet protocol option.
     */","public static final String getOption(final int code)
    {
        if(optionString[code].isEmpty())
        {
            return ""UNASSIGNED"";
        }
        return optionString[code];
    }","public static final String getOption(final int code)
    {
        if(optionString[code].isEmpty())
        {
            return ""UNASSIGNED"";
        }
        return optionString[code];
    }","/**
     * Returns the string representation of the telnet protocol option
     * corresponding to the given option code.
     *
     * @param code The option code of the telnet protocol option
     * @return The string representation of the telnet protocol option.
     */"
net_215_2,"    public void testGetOption_2_oe()
    {
        // removed other assertion
        assertEquals(TelnetOption.getOption(91), ""UNASSIGNED"");
    }
",TelnetOptionTest::testGetOption_2_oe,org.apache.commons.net.telnet.TelnetOption,getOption(final int code),"/**
     * Returns the string representation of the telnet protocol option
     * corresponding to the given option code.
     *
     * @param code The option code of the telnet protocol option
     * @return The string representation of the telnet protocol option.
     */","public static final String getOption(final int code)
    {
        if(optionString[code].isEmpty())
        {
            return ""UNASSIGNED"";
        }
        return optionString[code];
    }","public static final String getOption(final int code)
    {
        if(optionString[code].isEmpty())
        {
            return ""UNASSIGNED"";
        }
        return optionString[code];
    }","/**
     * Returns the string representation of the telnet protocol option
     * corresponding to the given option code.
     *
     * @param code The option code of the telnet protocol option
     * @return The string representation of the telnet protocol option.
     */"
net_215_3,"    public void testGetOption_3_oe()
    {
        // removed other assertion
        // removed other assertion
        assertEquals(TelnetOption.getOption(255), ""Extended-Options-List"");
    }
",TelnetOptionTest::testGetOption_3_oe,org.apache.commons.net.telnet.TelnetOption,getOption(final int code),"/**
     * Returns the string representation of the telnet protocol option
     * corresponding to the given option code.
     *
     * @param code The option code of the telnet protocol option
     * @return The string representation of the telnet protocol option.
     */","public static final String getOption(final int code)
    {
        if(optionString[code].isEmpty())
        {
            return ""UNASSIGNED"";
        }
        return optionString[code];
    }","public static final String getOption(final int code)
    {
        if(optionString[code].isEmpty())
        {
            return ""UNASSIGNED"";
        }
        return optionString[code];
    }","/**
     * Returns the string representation of the telnet protocol option
     * corresponding to the given option code.
     *
     * @param code The option code of the telnet protocol option
     * @return The string representation of the telnet protocol option.
     */"
net_216_1,"    public void testConstructors_1_oe()
    {
        assertEquals(TelnetOption.WINDOW_SIZE, opthand1.getOptionCode());
    }
",WindowSizeOptionHandlerTest::testConstructors_1_oe,org.apache.commons.net.telnet.TelnetOptionHandler,getOptionCode(),"/**
     * Returns the option code for this option.
     * <p>
     * @return Option code.
     */","public int getOptionCode()
    {
        return optionCode;
    }","public int getOptionCode()
    {
        return optionCode;
    }","/**
     * Returns the option code for this option.
     * <p>
     * @return Option code.
     */"
net_221_1,"    public void testConstructors_1_oe()
    {
        assertTrue(exc1.getMessage().indexOf(msg1) >= 0);
    }
",InvalidTelnetOptionExceptionTest::testConstructors_1_oe,org.apache.commons.net.ftp.parser.FTPTimestampParserImpl,indexOf(final int calendarUnit),,"private static int indexOf(final int calendarUnit) {
        int i;
        for(i = 0; i <CALENDAR_UNITS.length; i++) {
            if (calendarUnit == CALENDAR_UNITS[i]) {
                return i;
            }
        }
        return 0;
    }","@Override
    public String getMessage()
    {
        return msg + "": "" + optionCode;
    }","/**
     * Gets the error message of ths exception.
     * <p>
     * @return the error message.
     */"
net_221_2,"    public void testConstructors_2_oe()
    {
        // removed other assertion
        assertTrue(exc1.getMessage().indexOf("""" +code1) >= 0);
    }
",InvalidTelnetOptionExceptionTest::testConstructors_2_oe,org.apache.commons.net.ftp.parser.FTPTimestampParserImpl,indexOf(final int calendarUnit),,"private static int indexOf(final int calendarUnit) {
        int i;
        for(i = 0; i <CALENDAR_UNITS.length; i++) {
            if (calendarUnit == CALENDAR_UNITS[i]) {
                return i;
            }
        }
        return 0;
    }","@Override
    public String getMessage()
    {
        return msg + "": "" + optionCode;
    }","/**
     * Gets the error message of ths exception.
     * <p>
     * @return the error message.
     */"
net_222_1,"    public void testConstructors_1_oe()
    {
        // add test of the option code
        assertTrue(!opthand1.getInitLocal());
    }
",TelnetOptionHandlerTestAbstract::testConstructors_1_oe,org.apache.commons.net.telnet.TelnetOptionHandler,getInitLocal(),"/**
     * Returns a boolean indicating whether to send a WILL request
     * to the other end upon connection.
     * <p>
     * @return true if a WILL request shall be sent upon connection.
     */","public boolean getInitLocal()
    {
        return initialLocal;
    }","public boolean getInitLocal()
    {
        return initialLocal;
    }","/**
     * Returns a boolean indicating whether to send a WILL request
     * to the other end upon connection.
     * <p>
     * @return true if a WILL request shall be sent upon connection.
     */"
net_222_2,"    public void testConstructors_2_oe()
    {
        // add test of the option code
        // removed other assertion
        assertTrue(!opthand1.getInitRemote());
    }
",TelnetOptionHandlerTestAbstract::testConstructors_2_oe,org.apache.commons.net.telnet.TelnetOptionHandler,getInitRemote(),"/**
     * Returns a boolean indicating whether to send a DO request
     * to the other end upon connection.
     * <p>
     * @return true if a DO request shall be sent upon connection.
     */","public boolean getInitRemote()
    {
        return initialRemote;
    }","public boolean getInitRemote()
    {
        return initialRemote;
    }","/**
     * Returns a boolean indicating whether to send a DO request
     * to the other end upon connection.
     * <p>
     * @return true if a DO request shall be sent upon connection.
     */"
net_222_3,"    public void testConstructors_3_oe()
    {
        // add test of the option code
        // removed other assertion
        // removed other assertion
        assertTrue(!opthand1.getAcceptLocal());
    }
",TelnetOptionHandlerTestAbstract::testConstructors_3_oe,org.apache.commons.net.telnet.TelnetOptionHandler,getAcceptLocal(),"/**
     * Returns a boolean indicating whether to accept a DO
     * request coming from the other end.
     * <p>
     * @return true if a DO request shall be accepted.
     */","public boolean getAcceptLocal()
    {
        return acceptLocal;
    }","public boolean getAcceptLocal()
    {
        return acceptLocal;
    }","/**
     * Returns a boolean indicating whether to accept a DO
     * request coming from the other end.
     * <p>
     * @return true if a DO request shall be accepted.
     */"
net_222_4,"    public void testConstructors_4_oe()
    {
        // add test of the option code
        // removed other assertion
        // removed other assertion
        // removed other assertion
        assertTrue(!opthand1.getAcceptRemote());
    }
",TelnetOptionHandlerTestAbstract::testConstructors_4_oe,org.apache.commons.net.telnet.TelnetOptionHandler,getAcceptRemote(),"/**
     * Returns a boolean indicating whether to accept a WILL
     * request coming from the other end.
     * <p>
     * @return true if a WILL request shall be accepted.
     */","public boolean getAcceptRemote()
    {
        return acceptRemote;
    }","public boolean getAcceptRemote()
    {
        return acceptRemote;
    }","/**
     * Returns a boolean indicating whether to accept a WILL
     * request coming from the other end.
     * <p>
     * @return true if a WILL request shall be accepted.
     */"
net_222_5,"    public void testConstructors_5_oe()
    {
        // add test of the option code
        // removed other assertion
        // removed other assertion
        // removed other assertion
        // removed other assertion

        assertTrue(opthand2.getInitLocal());
    }
",TelnetOptionHandlerTestAbstract::testConstructors_5_oe,org.apache.commons.net.telnet.TelnetOptionHandler,getInitLocal(),"/**
     * Returns a boolean indicating whether to send a WILL request
     * to the other end upon connection.
     * <p>
     * @return true if a WILL request shall be sent upon connection.
     */","public boolean getInitLocal()
    {
        return initialLocal;
    }","public boolean getInitLocal()
    {
        return initialLocal;
    }","/**
     * Returns a boolean indicating whether to send a WILL request
     * to the other end upon connection.
     * <p>
     * @return true if a WILL request shall be sent upon connection.
     */"
net_222_6,"    public void testConstructors_6_oe()
    {
        // add test of the option code
        // removed other assertion
        // removed other assertion
        // removed other assertion
        // removed other assertion

        // removed other assertion
        assertTrue(opthand2.getInitRemote());
    }
",TelnetOptionHandlerTestAbstract::testConstructors_6_oe,org.apache.commons.net.telnet.TelnetOptionHandler,getInitRemote(),"/**
     * Returns a boolean indicating whether to send a DO request
     * to the other end upon connection.
     * <p>
     * @return true if a DO request shall be sent upon connection.
     */","public boolean getInitRemote()
    {
        return initialRemote;
    }","public boolean getInitRemote()
    {
        return initialRemote;
    }","/**
     * Returns a boolean indicating whether to send a DO request
     * to the other end upon connection.
     * <p>
     * @return true if a DO request shall be sent upon connection.
     */"
net_222_7,"    public void testConstructors_7_oe()
    {
        // add test of the option code
        // removed other assertion
        // removed other assertion
        // removed other assertion
        // removed other assertion

        // removed other assertion
        // removed other assertion
        assertTrue(opthand2.getAcceptLocal());
    }
",TelnetOptionHandlerTestAbstract::testConstructors_7_oe,org.apache.commons.net.telnet.TelnetOptionHandler,getAcceptLocal(),"/**
     * Returns a boolean indicating whether to accept a DO
     * request coming from the other end.
     * <p>
     * @return true if a DO request shall be accepted.
     */","public boolean getAcceptLocal()
    {
        return acceptLocal;
    }","public boolean getAcceptLocal()
    {
        return acceptLocal;
    }","/**
     * Returns a boolean indicating whether to accept a DO
     * request coming from the other end.
     * <p>
     * @return true if a DO request shall be accepted.
     */"
net_222_8,"    public void testConstructors_8_oe()
    {
        // add test of the option code
        // removed other assertion
        // removed other assertion
        // removed other assertion
        // removed other assertion

        // removed other assertion
        // removed other assertion
        // removed other assertion
        assertTrue(opthand2.getAcceptRemote());
    }
",TelnetOptionHandlerTestAbstract::testConstructors_8_oe,org.apache.commons.net.telnet.TelnetOptionHandler,getAcceptRemote(),"/**
     * Returns a boolean indicating whether to accept a WILL
     * request coming from the other end.
     * <p>
     * @return true if a WILL request shall be accepted.
     */","public boolean getAcceptRemote()
    {
        return acceptRemote;
    }","public boolean getAcceptRemote()
    {
        return acceptRemote;
    }","/**
     * Returns a boolean indicating whether to accept a WILL
     * request coming from the other end.
     * <p>
     * @return true if a WILL request shall be accepted.
     */"
net_222_9,"    public void testConstructors_9_oe()
    {
        // add test of the option code
        // removed other assertion
        // removed other assertion
        // removed other assertion
        // removed other assertion

        // removed other assertion
        // removed other assertion
        // removed other assertion
        // removed other assertion

        assertTrue(!opthand3.getInitLocal());
    }
",TelnetOptionHandlerTestAbstract::testConstructors_9_oe,org.apache.commons.net.telnet.TelnetOptionHandler,getInitLocal(),"/**
     * Returns a boolean indicating whether to send a WILL request
     * to the other end upon connection.
     * <p>
     * @return true if a WILL request shall be sent upon connection.
     */","public boolean getInitLocal()
    {
        return initialLocal;
    }","public boolean getInitLocal()
    {
        return initialLocal;
    }","/**
     * Returns a boolean indicating whether to send a WILL request
     * to the other end upon connection.
     * <p>
     * @return true if a WILL request shall be sent upon connection.
     */"
net_222_10,"    public void testConstructors_10_oe()
    {
        // add test of the option code
        // removed other assertion
        // removed other assertion
        // removed other assertion
        // removed other assertion

        // removed other assertion
        // removed other assertion
        // removed other assertion
        // removed other assertion

        // removed other assertion
        assertTrue(!opthand3.getInitRemote());
    }
",TelnetOptionHandlerTestAbstract::testConstructors_10_oe,org.apache.commons.net.telnet.TelnetOptionHandler,getInitRemote(),"/**
     * Returns a boolean indicating whether to send a DO request
     * to the other end upon connection.
     * <p>
     * @return true if a DO request shall be sent upon connection.
     */","public boolean getInitRemote()
    {
        return initialRemote;
    }","public boolean getInitRemote()
    {
        return initialRemote;
    }","/**
     * Returns a boolean indicating whether to send a DO request
     * to the other end upon connection.
     * <p>
     * @return true if a DO request shall be sent upon connection.
     */"
net_222_11,"    public void testConstructors_11_oe()
    {
        // add test of the option code
        // removed other assertion
        // removed other assertion
        // removed other assertion
        // removed other assertion

        // removed other assertion
        // removed other assertion
        // removed other assertion
        // removed other assertion

        // removed other assertion
        // removed other assertion
        assertTrue(!opthand3.getAcceptLocal());
    }
",TelnetOptionHandlerTestAbstract::testConstructors_11_oe,org.apache.commons.net.telnet.TelnetOptionHandler,getAcceptLocal(),"/**
     * Returns a boolean indicating whether to accept a DO
     * request coming from the other end.
     * <p>
     * @return true if a DO request shall be accepted.
     */","public boolean getAcceptLocal()
    {
        return acceptLocal;
    }","public boolean getAcceptLocal()
    {
        return acceptLocal;
    }","/**
     * Returns a boolean indicating whether to accept a DO
     * request coming from the other end.
     * <p>
     * @return true if a DO request shall be accepted.
     */"
net_222_12,"    public void testConstructors_12_oe()
    {
        // add test of the option code
        // removed other assertion
        // removed other assertion
        // removed other assertion
        // removed other assertion

        // removed other assertion
        // removed other assertion
        // removed other assertion
        // removed other assertion

        // removed other assertion
        // removed other assertion
        // removed other assertion
        assertTrue(!opthand3.getAcceptRemote());
    }
",TelnetOptionHandlerTestAbstract::testConstructors_12_oe,org.apache.commons.net.telnet.TelnetOptionHandler,getAcceptRemote(),"/**
     * Returns a boolean indicating whether to accept a WILL
     * request coming from the other end.
     * <p>
     * @return true if a WILL request shall be accepted.
     */","public boolean getAcceptRemote()
    {
        return acceptRemote;
    }","public boolean getAcceptRemote()
    {
        return acceptRemote;
    }","/**
     * Returns a boolean indicating whether to accept a WILL
     * request coming from the other end.
     * <p>
     * @return true if a WILL request shall be accepted.
     */"
net_225_1,"    public void testConstructors_1_oe()
    {
        assertEquals(opthand1.getOptionCode(), 4);
    }
",SimpleOptionHandlerTest::testConstructors_1_oe,org.apache.commons.net.telnet.TelnetOptionHandler,getOptionCode(),"/**
     * Returns the option code for this option.
     * <p>
     * @return Option code.
     */","public int getOptionCode()
    {
        return optionCode;
    }","public int getOptionCode()
    {
        return optionCode;
    }","/**
     * Returns the option code for this option.
     * <p>
     * @return Option code.
     */"
net_225_2,"    public void testConstructors_2_oe()
    {
        // removed other assertion
        assertEquals(opthand2.getOptionCode(), 8);
    }
",SimpleOptionHandlerTest::testConstructors_2_oe,org.apache.commons.net.telnet.TelnetOptionHandler,getOptionCode(),"/**
     * Returns the option code for this option.
     * <p>
     * @return Option code.
     */","public int getOptionCode()
    {
        return optionCode;
    }","public int getOptionCode()
    {
        return optionCode;
    }","/**
     * Returns the option code for this option.
     * <p>
     * @return Option code.
     */"
net_225_3,"    public void testConstructors_3_oe()
    {
        // removed other assertion
        // removed other assertion
        assertEquals(opthand3.getOptionCode(), 91);
    }
",SimpleOptionHandlerTest::testConstructors_3_oe,org.apache.commons.net.telnet.TelnetOptionHandler,getOptionCode(),"/**
     * Returns the option code for this option.
     * <p>
     * @return Option code.
     */","public int getOptionCode()
    {
        return optionCode;
    }","public int getOptionCode()
    {
        return optionCode;
    }","/**
     * Returns the option code for this option.
     * <p>
     * @return Option code.
     */"
