id,test_prefix,test_name,focal_methods,docstrings
commons-vfs_125,"@Test
    public void testNotFoundOperation_oe() throws FileSystemException {
        final MyFileOprationProviderBase myop = new MyFileOperationProviderNoncomp();
        manager.addOperationProvider(""file"", myop);
        final FileObject fo = manager.toFileObject(new File("".""));

        final FileOperations ops = fo.getFileOperations();
        assertNotNull(ops);

        try {
            final FileOperation logop = ops.getOperation(VcsLog.class);
            fail(""Must throw but returned "" + logop);
        } catch (final FileSystemException e) {
            assertEquals(""vfs.operation/operation-not-supported.error"", e.getCode());
        }
        assertSame(32, myop.ops); // getOperation was called
    }",BasicOperationsTestCase::testNotFoundOperation_oe,"@Override
    public FileOperations getFileOperations() throws FileSystemException {
        if (operations == null) {
            operations = new DefaultFileOperations(this);
        }

        return operations;
    }

public String getCode() {
        return super.getMessage();
    }

@Override
    public FileOperation getOperation(final Class<? extends FileOperation> operationClass) throws FileSystemException {

        final String scheme = fileObject.getURL().getProtocol();
        final FileOperationProvider[] providers = fsmanager.getOperationProviders(scheme);

        FileSystemException.requireNonNull(providers, ""vfs.operation/operation-not-supported.error"", operationClass);

        FileOperation resultOperation = null;

        for (final FileOperationProvider provider : providers) {
            resultOperation = provider.getOperation(fileObject, operationClass);

            if (resultOperation != null) {
                break;
            }
        }

        return FileSystemException.requireNonNull(resultOperation, ""vfs.operation/operation-not-supported.error"", operationClass);
    }","/**
     * @return FileOperations interface that provides access to the operations API.
     * @throws FileSystemException if an error occurs.
     */

/**
     * Retrieves error code of the exception. Could be used as key for internationalization.
     *
     * @return the code.
     */

/**
     * @param operationClass The Class that performs the operation.
     * @return The FileOperation.
     * @throws FileSystemException if an error occurs.
     */"
commons-vfs_141,"@Test
    public void testPatternNullArgConstruction_oe() {
        try {
            new RegexFileFilter((Pattern) null);
            fail();
        } catch (final IllegalArgumentException ex) {
            Assert.assertEquals(RegexFileFilter.PATTERN_IS_MISSING, ex.getMessage());
        }
    }",RegexFileFilterTestCase::testPatternNullArgConstruction_oe,"@Override
    public String getMessage() {
        return Messages.getString(super.getMessage(), (Object[]) getInfo());
    }","/**
     * Retrieves message from bundle.
     *
     * @return The exception message.
     */"
commons-vfs_143,"@Test
    public void testStringIOCaseNullArgConstruction_oe() {
        try {
            new RegexFileFilter((String) null, IOCase.INSENSITIVE);
            fail();
        } catch (final IllegalArgumentException ex) {
            Assert.assertEquals(RegexFileFilter.PATTERN_IS_MISSING, ex.getMessage());
        }
    }",RegexFileFilterTestCase::testStringIOCaseNullArgConstruction_oe,"@Override
    public String getMessage() {
        return Messages.getString(super.getMessage(), (Object[]) getInfo());
    }","/**
     * Retrieves message from bundle.
     *
     * @return The exception message.
     */"
commons-vfs_144,"@Test
    public void testStringNullArgConstruction_oe() {
        try {
            new RegexFileFilter((String) null);
            fail();
        } catch (final IllegalArgumentException ex) {
            Assert.assertEquals(RegexFileFilter.PATTERN_IS_MISSING, ex.getMessage());
        }
    }",RegexFileFilterTestCase::testStringNullArgConstruction_oe,"@Override
    public String getMessage() {
        return Messages.getString(super.getMessage(), (Object[]) getInfo());
    }","/**
     * Retrieves message from bundle.
     *
     * @return The exception message.
     */"
commons-vfs_145,"@Test
    public void testStringPatternNullArgConstruction_oe() {
        try {
            new RegexFileFilter((String) null, Pattern.CASE_INSENSITIVE);
            fail();
        } catch (final IllegalArgumentException ex) {
            Assert.assertEquals(RegexFileFilter.PATTERN_IS_MISSING, ex.getMessage());
        }
    }",RegexFileFilterTestCase::testStringPatternNullArgConstruction_oe,"@Override
    public String getMessage() {
        return Messages.getString(super.getMessage(), (Object[]) getInfo());
    }","/**
     * Retrieves message from bundle.
     *
     * @return The exception message.
     */"
commons-vfs_216,"@Test
    public void testAddAndRemoveProvider_oe() throws FileSystemException {
        try (DefaultFileSystemManager fileSystemManager = new DefaultFileSystemManager()) {
            fileSystemManager.setFilesCache(new NullFilesCache());
            fileSystemManager.setCacheStrategy(CacheStrategy.MANUAL);

            final RamFileProvider provider = Mockito.spy(new RamFileProvider());
            fileSystemManager.addProvider(""ram1"", provider);
            fileSystemManager.addProvider(""ram2"", provider);
            Assert.assertNotNull(fileSystemManager.resolveFile(""ram1:///""));
            Assert.assertNotNull(fileSystemManager.resolveFile(""ram2:///""));

            fileSystemManager.removeProvider(""ram1"");
            Mockito.verify(provider, Mockito.never()).close();
            Assert.assertThrows(FileSystemException.class, () -> fileSystemManager.resolveFile(""ram1:///""));
            Assert.assertNotNull(fileSystemManager.resolveFile(""ram2:///""));

            fileSystemManager.removeProvider(""ram2"");
            Mockito.verify(provider).close();
            Assert.assertThrows(FileSystemException.class, () -> fileSystemManager.resolveFile(""ram2:///""));
        }
    }",DefaultFileSystemManagerTest::testAddAndRemoveProvider_oe,"@Override
    public FileObject resolveFile(final File baseFile, final String uri) throws FileSystemException {
        return resolveFile(getLocalFileProvider().findLocalFile(baseFile), uri);
    }","/**
     * Resolves a URI, relative to base file.
     * <p>
     * Uses the {@linkplain #getLocalFileProvider() local file provider} to locate the system file.
     *
     * @param baseFile The base File to use to locate the file.
     * @param uri The URI of the file to locate.
     * @return The FileObject for the located file.
     * @throws FileSystemException if the file cannot be located or an error occurs.
     */"
commons-vfs_241,"@Test
    public void testDelegatingBad_oe() throws Throwable {
        final FileSystemOptions opts = new FileSystemOptions();
        final DelegatingFileSystemOptionsBuilder delgate = new DelegatingFileSystemOptionsBuilder(fsm);

        try {
            delgate.setConfigString(opts, ""http"", ""proxyPort"", ""wrong_port"");
            fail();
        } catch (final FileSystemException e) {
            assertSame(e.getCause().getClass(), InvocationTargetException.class);
            assertSame(((InvocationTargetException)e.getCause()).getTargetException().getClass(),NumberFormatException.class);
        }

        try {
            delgate.setConfigClass(opts, ""sftp"", ""userinfo"", String.class);
            fail();
        } catch (final FileSystemException e) {
            assertEquals(e.getCode(), ""vfs.provider/config-value-invalid.error"");
        }
    }",DelegatingFileSystemOptionsBuilderTest::testDelegatingBad_oe,"public void setConfigString(final FileSystemOptions fso, final String scheme, final String name, final String value)
            throws FileSystemException {
        setConfigStrings(fso, scheme, name, new String[] { value });
    }

public String getCode() {
        return super.getMessage();
    }","/**
     * Sets a single string value.
     *
     * @param fso FileSystemOptions
     * @param scheme scheme
     * @param name name
     * @param value value
     * @throws FileSystemException if an error occurs.
     */

/**
     * Retrieves error code of the exception. Could be used as key for internationalization.
     *
     * @return the code.
     */"
commons-vfs_265,"@Test
    public void testRootFolderExists_oe() throws FileSystemException {
        final FileObject root = manager.resolveFile(""ram:///"", defaultRamFso);
        assertTrue(root.getType().hasChildren());

        try {
            root.delete();
            fail();
        } catch (final FileSystemException e) {
        }

    }",CustomRamProviderTest::testRootFolderExists_oe,"@Override
    public FileType getType() throws FileSystemException {
        synchronized (fileSystem) {
            attach();

            // VFS-210: get the type only if requested for
            try {
                if (type == null) {
                    setFileType(doGetType());
                }
                if (type == null) {
                    setFileType(FileType.IMAGINARY);
                }
            } catch (final Exception e) {
                throw new FileSystemException(""vfs.provider/get-type.error"", e, fileName);
            }

            return type;
        }
    }","/**
     * Returns the file's type.
     *
     * @return The FileType.
     * @throws FileSystemException if an error occurs.
     */"
