id,project,test_class,test_name,test_file_path,focal_file_path,focal_class,focal_package,oracle_type
weav_3_1,commons-weaver,FinderTest,,processor/src/test/java/org/apache/commons/weaver/FinderTest.java,/home/tasfia/Desktop/OE25-DEV/projects_decomposed/commons-weaver/processor/src/main/java/org/apache/commons/weaver/Finder.java,org.apache.commons.weaver.Finder.IncludesClassfile,org.apache.commons.weaver,ASSERTION_ONLY
weav_3_2,commons-weaver,FinderTest,,processor/src/test/java/org/apache/commons/weaver/FinderTest.java,/home/tasfia/Desktop/OE25-DEV/projects_decomposed/commons-weaver/processor/src/main/java/org/apache/commons/weaver/Finder.java,org.apache.commons.weaver.Finder.IncludesClassfile,org.apache.commons.weaver,ASSERTION_ONLY
weav_3_3,commons-weaver,FinderTest,,processor/src/test/java/org/apache/commons/weaver/FinderTest.java,/home/tasfia/Desktop/OE25-DEV/projects_decomposed/commons-weaver/processor/src/main/java/org/apache/commons/weaver/Finder.java,org.apache.commons.weaver.Finder.IncludesClassfile,org.apache.commons.weaver,ASSERTION_ONLY
weav_3_4,commons-weaver,FinderTest,,processor/src/test/java/org/apache/commons/weaver/FinderTest.java,/home/tasfia/Desktop/OE25-DEV/projects_decomposed/commons-weaver/processor/src/main/java/org/apache/commons/weaver/Finder.java,org.apache.commons.weaver.Finder.IncludesClassfile,org.apache.commons.weaver,ASSERTION_ONLY
weav_3_5,commons-weaver,FinderTest,,processor/src/test/java/org/apache/commons/weaver/FinderTest.java,/home/tasfia/Desktop/OE25-DEV/projects_decomposed/commons-weaver/processor/src/main/java/org/apache/commons/weaver/Finder.java,org.apache.commons.weaver.Finder.IncludesClassfile,org.apache.commons.weaver,ASSERTION_ONLY
weav_4_1,commons-weaver,FinderTest,,processor/src/test/java/org/apache/commons/weaver/FinderTest.java,/home/tasfia/Desktop/OE25-DEV/projects_decomposed/commons-weaver/processor/src/main/java/org/apache/commons/weaver/Finder.java,org.apache.commons.weaver.Finder.WithAnnotations,org.apache.commons.weaver,ASSERTION_ONLY
weav_5_1,commons-weaver,ArgsTest,,processor/src/test/java/org/apache/commons/weaver/utils/ArgsTest.java,/home/tasfia/Desktop/OE25-DEV/projects_decomposed/commons-weaver/processor/src/main/java/org/apache/commons/weaver/utils/Args.java,org.apache.commons.weaver.utils.Args,org.apache.commons.weaver.utils,ASSERTION_ONLY
weav_5_2,commons-weaver,ArgsTest,,processor/src/test/java/org/apache/commons/weaver/utils/ArgsTest.java,/home/tasfia/Desktop/OE25-DEV/projects_decomposed/commons-weaver/processor/src/main/java/org/apache/commons/weaver/utils/Args.java,org.apache.commons.weaver.utils.Args,org.apache.commons.weaver.utils,ASSERTION_ONLY
weav_5_3,commons-weaver,ArgsTest,,processor/src/test/java/org/apache/commons/weaver/utils/ArgsTest.java,/home/tasfia/Desktop/OE25-DEV/projects_decomposed/commons-weaver/processor/src/main/java/org/apache/commons/weaver/utils/Args.java,org.apache.commons.weaver.utils.Args,org.apache.commons.weaver.utils,ASSERTION_ONLY
weav_5_4,commons-weaver,ArgsTest,,processor/src/test/java/org/apache/commons/weaver/utils/ArgsTest.java,/home/tasfia/Desktop/OE25-DEV/projects_decomposed/commons-weaver/processor/src/main/java/org/apache/commons/weaver/utils/Args.java,org.apache.commons.weaver.utils.Args,org.apache.commons.weaver.utils,ASSERTION_ONLY
weav_5_5,commons-weaver,ArgsTest,,processor/src/test/java/org/apache/commons/weaver/utils/ArgsTest.java,/home/tasfia/Desktop/OE25-DEV/projects_decomposed/commons-weaver/processor/src/main/java/org/apache/commons/weaver/utils/Args.java,org.apache.commons.weaver.utils.Args,org.apache.commons.weaver.utils,ASSERTION_ONLY
weav_5_6,commons-weaver,ArgsTest,,processor/src/test/java/org/apache/commons/weaver/utils/ArgsTest.java,/home/tasfia/Desktop/OE25-DEV/projects_decomposed/commons-weaver/processor/src/main/java/org/apache/commons/weaver/utils/Args.java,org.apache.commons.weaver.utils.Args,org.apache.commons.weaver.utils,ASSERTION_ONLY
weav_5_7,commons-weaver,ArgsTest,,processor/src/test/java/org/apache/commons/weaver/utils/ArgsTest.java,/home/tasfia/Desktop/OE25-DEV/projects_decomposed/commons-weaver/processor/src/main/java/org/apache/commons/weaver/utils/Args.java,org.apache.commons.weaver.utils.Args,org.apache.commons.weaver.utils,ASSERTION_ONLY
weav_5_8,commons-weaver,ArgsTest,,processor/src/test/java/org/apache/commons/weaver/utils/ArgsTest.java,/home/tasfia/Desktop/OE25-DEV/projects_decomposed/commons-weaver/processor/src/main/java/org/apache/commons/weaver/utils/Args.java,org.apache.commons.weaver.utils.Args,org.apache.commons.weaver.utils,ASSERTION_ONLY
weav_5_9,commons-weaver,ArgsTest,,processor/src/test/java/org/apache/commons/weaver/utils/ArgsTest.java,/home/tasfia/Desktop/OE25-DEV/projects_decomposed/commons-weaver/processor/src/main/java/org/apache/commons/weaver/utils/Args.java,org.apache.commons.weaver.utils.Args,org.apache.commons.weaver.utils,ASSERTION_ONLY
weav_5_10,commons-weaver,ArgsTest,,processor/src/test/java/org/apache/commons/weaver/utils/ArgsTest.java,/home/tasfia/Desktop/OE25-DEV/projects_decomposed/commons-weaver/processor/src/main/java/org/apache/commons/weaver/utils/Args.java,org.apache.commons.weaver.utils.Args,org.apache.commons.weaver.utils,ASSERTION_ONLY
weav_6_1,commons-weaver,ProvidersTest,,processor/src/test/java/org/apache/commons/weaver/utils/ProvidersTest.java,/home/tasfia/Desktop/OE25-DEV/projects_decomposed/commons-weaver/processor/src/main/java/org/apache/commons/weaver/utils/Providers.java,org.apache.commons.weaver.utils.Providers,org.apache.commons.weaver.utils,ASSERTION_ONLY
weav_6_2,commons-weaver,ProvidersTest,,processor/src/test/java/org/apache/commons/weaver/utils/ProvidersTest.java,/home/tasfia/Desktop/OE25-DEV/projects_decomposed/commons-weaver/processor/src/main/java/org/apache/commons/weaver/utils/Providers.java,org.apache.commons.weaver.utils.Providers,org.apache.commons.weaver.utils,ASSERTION_ONLY
weav_7_1,commons-weaver,WeaveProcessorTest,,processor/src/test/java/org/apache/commons/weaver/test/WeaveProcessorTest.java,/home/tasfia/Desktop/OE25-DEV/projects_decomposed/commons-weaver/processor/src/main/java/org/apache/commons/weaver/WeaveProcessor.java,org.apache.commons.weaver.WeaveProcessor,org.apache.commons.weaver,ASSERTION_ONLY
weav_7_2,commons-weaver,WeaveProcessorTest,,processor/src/test/java/org/apache/commons/weaver/test/WeaveProcessorTest.java,/home/tasfia/Desktop/OE25-DEV/projects_decomposed/commons-weaver/processor/src/main/java/org/apache/commons/weaver/Finder.java,org.apache.commons.weaver.Finder.IncludesClassfile,org.apache.commons.weaver,ASSERTION_ONLY
weav_7_3,commons-weaver,WeaveProcessorTest,,processor/src/test/java/org/apache/commons/weaver/test/WeaveProcessorTest.java,/home/tasfia/Desktop/OE25-DEV/projects_decomposed/commons-weaver/processor/src/main/java/org/apache/commons/weaver/WeaveProcessor.java,org.apache.commons.weaver.WeaveProcessor,org.apache.commons.weaver,ASSERTION_ONLY
weav_7_4,commons-weaver,WeaveProcessorTest,,processor/src/test/java/org/apache/commons/weaver/test/WeaveProcessorTest.java,/home/tasfia/Desktop/OE25-DEV/projects_decomposed/commons-weaver/processor/src/main/java/org/apache/commons/weaver/Finder.java,org.apache.commons.weaver.Finder.IncludesClassfile,org.apache.commons.weaver,ASSERTION_ONLY
weav_7_6,commons-weaver,WeaveProcessorTest,,processor/src/test/java/org/apache/commons/weaver/test/WeaveProcessorTest.java,/home/tasfia/Desktop/OE25-DEV/projects_decomposed/commons-weaver/processor/src/main/java/org/apache/commons/weaver/Finder.java,org.apache.commons.weaver.Finder.IncludesClassfile,org.apache.commons.weaver,ASSERTION_ONLY
weav_7_8,commons-weaver,WeaveProcessorTest,,processor/src/test/java/org/apache/commons/weaver/test/WeaveProcessorTest.java,/home/tasfia/Desktop/OE25-DEV/projects_decomposed/commons-weaver/processor/src/main/java/org/apache/commons/weaver/WeaveProcessor.java,org.apache.commons.weaver.WeaveProcessor,org.apache.commons.weaver,ASSERTION_ONLY
weav_8_1,commons-weaver,CleanProcessorTest,,processor/src/test/java/org/apache/commons/weaver/test/CleanProcessorTest.java,/home/tasfia/Desktop/OE25-DEV/projects_decomposed/commons-weaver/processor/src/main/java/org/apache/commons/weaver/model/WeaveEnvironment.java,org.apache.commons.weaver.model.WeaveEnvironment.Resource,org.apache.commons.weaver.model,ASSERTION_ONLY
weav_8_2,commons-weaver,CleanProcessorTest,,processor/src/test/java/org/apache/commons/weaver/test/CleanProcessorTest.java,/home/tasfia/Desktop/OE25-DEV/projects_decomposed/commons-weaver/processor/src/main/java/org/apache/commons/weaver/model/WeaveEnvironment.java,org.apache.commons.weaver.model.WeaveEnvironment.Resource,org.apache.commons.weaver.model,ASSERTION_ONLY
weav_9_1,commons-weaver,UtilsTest,,modules/normalizer/src/test/java/org/apache/commons/weaver/normalizer/UtilsTest.java,/home/tasfia/Desktop/OE25-DEV/projects_decomposed/commons-weaver/modules/normalizer/src/main/java/org/apache/commons/weaver/normalizer/Utils.java,org.apache.commons.weaver.normalizer.Utils,org.apache.commons.weaver.normalizer,ASSERTION_ONLY
weav_9_2,commons-weaver,UtilsTest,,modules/normalizer/src/test/java/org/apache/commons/weaver/normalizer/UtilsTest.java,/home/tasfia/Desktop/OE25-DEV/projects_decomposed/commons-weaver/modules/normalizer/src/main/java/org/apache/commons/weaver/normalizer/Utils.java,org.apache.commons.weaver.normalizer.Utils,org.apache.commons.weaver.normalizer,ASSERTION_ONLY
weav_9_3,commons-weaver,UtilsTest,,modules/normalizer/src/test/java/org/apache/commons/weaver/normalizer/UtilsTest.java,/home/tasfia/Desktop/OE25-DEV/projects_decomposed/commons-weaver/modules/normalizer/src/main/java/org/apache/commons/weaver/normalizer/Utils.java,org.apache.commons.weaver.normalizer.Utils,org.apache.commons.weaver.normalizer,ASSERTION_ONLY
weav_9_4,commons-weaver,UtilsTest,,modules/normalizer/src/test/java/org/apache/commons/weaver/normalizer/UtilsTest.java,/home/tasfia/Desktop/OE25-DEV/projects_decomposed/commons-weaver/modules/normalizer/src/main/java/org/apache/commons/weaver/normalizer/Utils.java,org.apache.commons.weaver.normalizer.Utils,org.apache.commons.weaver.normalizer,ASSERTION_ONLY
weav_9_5,commons-weaver,UtilsTest,,modules/normalizer/src/test/java/org/apache/commons/weaver/normalizer/UtilsTest.java,/home/tasfia/Desktop/OE25-DEV/projects_decomposed/commons-weaver/modules/normalizer/src/main/java/org/apache/commons/weaver/normalizer/Utils.java,org.apache.commons.weaver.normalizer.Utils,org.apache.commons.weaver.normalizer,ASSERTION_ONLY
weav_9_6,commons-weaver,UtilsTest,,modules/normalizer/src/test/java/org/apache/commons/weaver/normalizer/UtilsTest.java,/home/tasfia/Desktop/OE25-DEV/projects_decomposed/commons-weaver/modules/normalizer/src/main/java/org/apache/commons/weaver/normalizer/Utils.java,org.apache.commons.weaver.normalizer.Utils,org.apache.commons.weaver.normalizer,ASSERTION_ONLY
weav_9_7,commons-weaver,UtilsTest,,modules/normalizer/src/test/java/org/apache/commons/weaver/normalizer/UtilsTest.java,/home/tasfia/Desktop/OE25-DEV/projects_decomposed/commons-weaver/modules/normalizer/src/main/java/org/apache/commons/weaver/normalizer/Utils.java,org.apache.commons.weaver.normalizer.Utils,org.apache.commons.weaver.normalizer,ASSERTION_ONLY
weav_9_8,commons-weaver,UtilsTest,,modules/normalizer/src/test/java/org/apache/commons/weaver/normalizer/UtilsTest.java,/home/tasfia/Desktop/OE25-DEV/projects_decomposed/commons-weaver/modules/normalizer/src/main/java/org/apache/commons/weaver/normalizer/Utils.java,org.apache.commons.weaver.normalizer.Utils,org.apache.commons.weaver.normalizer,ASSERTION_ONLY
weav_9_9,commons-weaver,UtilsTest,,modules/normalizer/src/test/java/org/apache/commons/weaver/normalizer/UtilsTest.java,/home/tasfia/Desktop/OE25-DEV/projects_decomposed/commons-weaver/modules/normalizer/src/main/java/org/apache/commons/weaver/normalizer/Utils.java,org.apache.commons.weaver.normalizer.Utils,org.apache.commons.weaver.normalizer,ASSERTION_ONLY
weav_9_10,commons-weaver,UtilsTest,,modules/normalizer/src/test/java/org/apache/commons/weaver/normalizer/UtilsTest.java,/home/tasfia/Desktop/OE25-DEV/projects_decomposed/commons-weaver/modules/normalizer/src/main/java/org/apache/commons/weaver/normalizer/Utils.java,org.apache.commons.weaver.normalizer.Utils,org.apache.commons.weaver.normalizer,ASSERTION_ONLY
weav_9_11,commons-weaver,UtilsTest,,modules/normalizer/src/test/java/org/apache/commons/weaver/normalizer/UtilsTest.java,/home/tasfia/Desktop/OE25-DEV/projects_decomposed/commons-weaver/modules/normalizer/src/main/java/org/apache/commons/weaver/normalizer/Utils.java,org.apache.commons.weaver.normalizer.Utils,org.apache.commons.weaver.normalizer,ASSERTION_ONLY
weav_9_12,commons-weaver,UtilsTest,,modules/normalizer/src/test/java/org/apache/commons/weaver/normalizer/UtilsTest.java,/home/tasfia/Desktop/OE25-DEV/projects_decomposed/commons-weaver/modules/normalizer/src/main/java/org/apache/commons/weaver/normalizer/Utils.java,org.apache.commons.weaver.normalizer.Utils,org.apache.commons.weaver.normalizer,ASSERTION_ONLY
weav_11_1,commons-weaver,UsingArgsTest,,modules/privilizer/weaver/src/it/sample/src/test/java/org/apache/commons/weaver/privilizer/example/UsingArgsTest.java,/home/tasfia/Desktop/OE25-DEV/projects_decomposed/commons-weaver/modules/privilizer/weaver/src/it/sample/src/main/java/org/apache/commons/weaver/privilizer/example/UsingArgs.java,org.apache.commons.weaver.privilizer.example.UsingArgs,org.apache.commons.weaver.privilizer.example,ASSERTION_ONLY
weav_11_2,commons-weaver,UsingArgsTest,,modules/privilizer/weaver/src/it/sample/src/test/java/org/apache/commons/weaver/privilizer/example/UsingArgsTest.java,/home/tasfia/Desktop/OE25-DEV/projects_decomposed/commons-weaver/modules/privilizer/weaver/src/it/sample/src/main/java/org/apache/commons/weaver/privilizer/example/UsingArgs.java,org.apache.commons.weaver.privilizer.example.UsingArgs,org.apache.commons.weaver.privilizer.example,ASSERTION_ONLY
weav_11_3,commons-weaver,UsingArgsTest,,modules/privilizer/weaver/src/it/sample/src/test/java/org/apache/commons/weaver/privilizer/example/UsingArgsTest.java,/home/tasfia/Desktop/OE25-DEV/projects_decomposed/commons-weaver/modules/privilizer/weaver/src/it/sample/src/main/java/org/apache/commons/weaver/privilizer/example/UsingArgs.java,org.apache.commons.weaver.privilizer.example.UsingArgs,org.apache.commons.weaver.privilizer.example,ASSERTION_ONLY
weav_12_1,commons-weaver,UsingArgsTest,,modules/privilizer/weaver/src/it/sample/src/test/java/org/apache/commons/weaver/privilizer/example/UsingArgsTest.java,,,,ASSERTION_ONLY
weav_12_2,commons-weaver,UsingArgsTest,,modules/privilizer/weaver/src/it/sample/src/test/java/org/apache/commons/weaver/privilizer/example/UsingArgsTest.java,/home/tasfia/Desktop/OE25-DEV/projects_decomposed/commons-weaver/modules/privilizer/weaver/src/it/sample/src/main/java/org/apache/commons/weaver/privilizer/example/UsingArgs.java,org.apache.commons.weaver.privilizer.example.UsingArgs,org.apache.commons.weaver.privilizer.example,ASSERTION_ONLY
weav_12_3,commons-weaver,UsingArgsTest,,modules/privilizer/weaver/src/it/sample/src/test/java/org/apache/commons/weaver/privilizer/example/UsingArgsTest.java,/home/tasfia/Desktop/OE25-DEV/projects_decomposed/commons-weaver/modules/privilizer/weaver/src/it/sample/src/main/java/org/apache/commons/weaver/privilizer/example/UsingArgs.java,org.apache.commons.weaver.privilizer.example.UsingArgs,org.apache.commons.weaver.privilizer.example,ASSERTION_ONLY
weav_13_1,commons-weaver,UsingArgsTest,,modules/privilizer/weaver/src/it/sample/src/test/java/org/apache/commons/weaver/privilizer/example/UsingArgsTest.java,/home/tasfia/Desktop/OE25-DEV/projects_decomposed/commons-weaver/modules/privilizer/weaver/src/it/sample/src/main/java/org/apache/commons/weaver/privilizer/example/UsingArgs.java,org.apache.commons.weaver.privilizer.example.UsingArgs,org.apache.commons.weaver.privilizer.example,ASSERTION_ONLY
weav_13_2,commons-weaver,UsingArgsTest,,modules/privilizer/weaver/src/it/sample/src/test/java/org/apache/commons/weaver/privilizer/example/UsingArgsTest.java,/home/tasfia/Desktop/OE25-DEV/projects_decomposed/commons-weaver/modules/privilizer/weaver/src/it/sample/src/main/java/org/apache/commons/weaver/privilizer/example/UsingArgs.java,org.apache.commons.weaver.privilizer.example.UsingArgs,org.apache.commons.weaver.privilizer.example,ASSERTION_ONLY
weav_13_3,commons-weaver,UsingArgsTest,,modules/privilizer/weaver/src/it/sample/src/test/java/org/apache/commons/weaver/privilizer/example/UsingArgsTest.java,/home/tasfia/Desktop/OE25-DEV/projects_decomposed/commons-weaver/modules/privilizer/weaver/src/it/sample/src/main/java/org/apache/commons/weaver/privilizer/example/UsingArgs.java,org.apache.commons.weaver.privilizer.example.UsingArgs,org.apache.commons.weaver.privilizer.example,ASSERTION_ONLY
weav_14_1,commons-weaver,UsingArgsTest,,modules/privilizer/weaver/src/it/sample/src/test/java/org/apache/commons/weaver/privilizer/example/UsingArgsTest.java,/home/tasfia/Desktop/OE25-DEV/projects_decomposed/commons-weaver/modules/privilizer/weaver/src/it/sample/src/main/java/org/apache/commons/weaver/privilizer/example/UsingArgs.java,org.apache.commons.weaver.privilizer.example.UsingArgs,org.apache.commons.weaver.privilizer.example,ASSERTION_ONLY
weav_15_1,commons-weaver,MethodReferencesUsingBlueprintsTest,,modules/privilizer/weaver/src/it/sample/src/test/java/org/apache/commons/weaver/privilizer/example/MethodReferencesUsingBlueprintsTest.java,/home/tasfia/Desktop/OE25-DEV/projects_decomposed/commons-weaver/modules/privilizer/weaver/src/it/sample/src/main/java/org/apache/commons/weaver/privilizer/example/MethodReferencesUsingBlueprints.java,org.apache.commons.weaver.privilizer.example.MethodReferencesUsingBlueprints,org.apache.commons.weaver.privilizer.example,ASSERTION_ONLY
weav_16_1,commons-weaver,MethodReferencesUsingBlueprintsTest,,modules/privilizer/weaver/src/it/sample/src/test/java/org/apache/commons/weaver/privilizer/example/MethodReferencesUsingBlueprintsTest.java,/home/tasfia/Desktop/OE25-DEV/projects_decomposed/commons-weaver/modules/privilizer/weaver/src/it/sample/src/main/java/org/apache/commons/weaver/privilizer/example/MethodReferencesUsingBlueprints.java,org.apache.commons.weaver.privilizer.example.MethodReferencesUsingBlueprints,org.apache.commons.weaver.privilizer.example,ASSERTION_ONLY
weav_17_1,commons-weaver,MethodReferencesUsingBlueprintsTest,,modules/privilizer/weaver/src/it/sample/src/test/java/org/apache/commons/weaver/privilizer/example/MethodReferencesUsingBlueprintsTest.java,/home/tasfia/Desktop/OE25-DEV/projects_decomposed/commons-weaver/modules/privilizer/weaver/src/it/sample/src/main/java/org/apache/commons/weaver/privilizer/example/MethodReferencesUsingBlueprints.java,org.apache.commons.weaver.privilizer.example.MethodReferencesUsingBlueprints,org.apache.commons.weaver.privilizer.example,ASSERTION_ONLY
weav_18_1,commons-weaver,MethodReferencesUsingBlueprintsTest,,modules/privilizer/weaver/src/it/sample/src/test/java/org/apache/commons/weaver/privilizer/example/MethodReferencesUsingBlueprintsTest.java,/home/tasfia/Desktop/OE25-DEV/projects_decomposed/commons-weaver/modules/privilizer/weaver/src/it/sample/src/main/java/org/apache/commons/weaver/privilizer/example/MethodReferencesUsingBlueprints.java,org.apache.commons.weaver.privilizer.example.MethodReferencesUsingBlueprints,org.apache.commons.weaver.privilizer.example,ASSERTION_ONLY
weav_18_2,commons-weaver,MethodReferencesUsingBlueprintsTest,,modules/privilizer/weaver/src/it/sample/src/test/java/org/apache/commons/weaver/privilizer/example/MethodReferencesUsingBlueprintsTest.java,/home/tasfia/Desktop/OE25-DEV/projects_decomposed/commons-weaver/modules/privilizer/weaver/src/it/sample/src/main/java/org/apache/commons/weaver/privilizer/example/MethodReferencesUsingBlueprints.java,org.apache.commons.weaver.privilizer.example.MethodReferencesUsingBlueprints,org.apache.commons.weaver.privilizer.example,ASSERTION_ONLY
weav_18_3,commons-weaver,MethodReferencesUsingBlueprintsTest,,modules/privilizer/weaver/src/it/sample/src/test/java/org/apache/commons/weaver/privilizer/example/MethodReferencesUsingBlueprintsTest.java,/home/tasfia/Desktop/OE25-DEV/projects_decomposed/commons-weaver/modules/privilizer/weaver/src/it/sample/src/main/java/org/apache/commons/weaver/privilizer/example/MethodReferencesUsingBlueprints.java,org.apache.commons.weaver.privilizer.example.MethodReferencesUsingBlueprints,org.apache.commons.weaver.privilizer.example,ASSERTION_ONLY
weav_19_1,commons-weaver,MethodReferencesUsingBlueprintsTest,,modules/privilizer/weaver/src/it/sample/src/test/java/org/apache/commons/weaver/privilizer/example/MethodReferencesUsingBlueprintsTest.java,/home/tasfia/Desktop/OE25-DEV/projects_decomposed/commons-weaver/modules/privilizer/weaver/src/it/sample/src/main/java/org/apache/commons/weaver/privilizer/example/MethodReferencesUsingBlueprints.java,org.apache.commons.weaver.privilizer.example.MethodReferencesUsingBlueprints,org.apache.commons.weaver.privilizer.example,ASSERTION_ONLY
weav_19_2,commons-weaver,MethodReferencesUsingBlueprintsTest,,modules/privilizer/weaver/src/it/sample/src/test/java/org/apache/commons/weaver/privilizer/example/MethodReferencesUsingBlueprintsTest.java,/home/tasfia/Desktop/OE25-DEV/projects_decomposed/commons-weaver/modules/privilizer/weaver/src/it/sample/src/main/java/org/apache/commons/weaver/privilizer/example/MethodReferencesUsingBlueprints.java,org.apache.commons.weaver.privilizer.example.MethodReferencesUsingBlueprints,org.apache.commons.weaver.privilizer.example,ASSERTION_ONLY
weav_19_3,commons-weaver,MethodReferencesUsingBlueprintsTest,,modules/privilizer/weaver/src/it/sample/src/test/java/org/apache/commons/weaver/privilizer/example/MethodReferencesUsingBlueprintsTest.java,/home/tasfia/Desktop/OE25-DEV/projects_decomposed/commons-weaver/modules/privilizer/weaver/src/it/sample/src/main/java/org/apache/commons/weaver/privilizer/example/MethodReferencesUsingBlueprints.java,org.apache.commons.weaver.privilizer.example.MethodReferencesUsingBlueprints,org.apache.commons.weaver.privilizer.example,ASSERTION_ONLY
weav_20_1,commons-weaver,MethodReferencesUsingBlueprintsTest,,modules/privilizer/weaver/src/it/sample/src/test/java/org/apache/commons/weaver/privilizer/example/MethodReferencesUsingBlueprintsTest.java,/home/tasfia/Desktop/OE25-DEV/projects_decomposed/commons-weaver/modules/privilizer/weaver/src/it/sample/src/main/java/org/apache/commons/weaver/privilizer/example/MethodReferencesUsingBlueprints.java,org.apache.commons.weaver.privilizer.example.MethodReferencesUsingBlueprints,org.apache.commons.weaver.privilizer.example,ASSERTION_ONLY
weav_21_1,commons-weaver,MethodReferencesUsingBlueprintsTest,,modules/privilizer/weaver/src/it/sample/src/test/java/org/apache/commons/weaver/privilizer/example/MethodReferencesUsingBlueprintsTest.java,/home/tasfia/Desktop/OE25-DEV/projects_decomposed/commons-weaver/processor/src/main/java/org/apache/commons/weaver/model/WeaveEnvironment.java,org.apache.commons.weaver.model.WeaveEnvironment.Resource,org.apache.commons.weaver.model,ASSERTION_ONLY
weav_22_1,commons-weaver,StaticPrivateMethodsTest,,modules/privilizer/weaver/src/it/sample/src/test/java/org/apache/commons/weaver/privilizer/example/StaticPrivateMethodsTest.java,/home/tasfia/Desktop/OE25-DEV/projects_decomposed/commons-weaver/modules/privilizer/weaver/src/it/sample/src/main/java/org/apache/commons/weaver/privilizer/example/StaticPrivateMethods.java,org.apache.commons.weaver.privilizer.example.StaticPrivateMethods,org.apache.commons.weaver.privilizer.example,ASSERTION_ONLY
weav_22_2,commons-weaver,StaticPrivateMethodsTest,,modules/privilizer/weaver/src/it/sample/src/test/java/org/apache/commons/weaver/privilizer/example/StaticPrivateMethodsTest.java,/home/tasfia/Desktop/OE25-DEV/projects_decomposed/commons-weaver/modules/privilizer/weaver/src/it/sample/src/main/java/org/apache/commons/weaver/privilizer/example/StaticPrivateMethods.java,org.apache.commons.weaver.privilizer.example.StaticPrivateMethods,org.apache.commons.weaver.privilizer.example,ASSERTION_ONLY
weav_22_3,commons-weaver,StaticPrivateMethodsTest,,modules/privilizer/weaver/src/it/sample/src/test/java/org/apache/commons/weaver/privilizer/example/StaticPrivateMethodsTest.java,/home/tasfia/Desktop/OE25-DEV/projects_decomposed/commons-weaver/modules/privilizer/weaver/src/it/sample/src/main/java/org/apache/commons/weaver/privilizer/example/StaticPrivateMethods.java,org.apache.commons.weaver.privilizer.example.StaticPrivateMethods,org.apache.commons.weaver.privilizer.example,ASSERTION_ONLY
weav_23_1,commons-weaver,StaticNoArgsTest,,modules/privilizer/weaver/src/it/sample/src/test/java/org/apache/commons/weaver/privilizer/example/StaticNoArgsTest.java,/home/tasfia/Desktop/OE25-DEV/projects_decomposed/commons-weaver/modules/privilizer/weaver/src/it/sample/src/main/java/org/apache/commons/weaver/privilizer/example/StaticNoArgs.java,org.apache.commons.weaver.privilizer.example.StaticNoArgs,org.apache.commons.weaver.privilizer.example,ASSERTION_ONLY
weav_24_1,commons-weaver,StaticNoArgsTest,,modules/privilizer/weaver/src/it/sample/src/test/java/org/apache/commons/weaver/privilizer/example/StaticNoArgsTest.java,/home/tasfia/Desktop/OE25-DEV/projects_decomposed/commons-weaver/modules/privilizer/weaver/src/it/sample/src/main/java/org/apache/commons/weaver/privilizer/example/StaticNoArgs.java,org.apache.commons.weaver.privilizer.example.StaticNoArgs,org.apache.commons.weaver.privilizer.example,ASSERTION_ONLY
weav_25_1,commons-weaver,StaticNoArgsTest,,modules/privilizer/weaver/src/it/sample/src/test/java/org/apache/commons/weaver/privilizer/example/StaticNoArgsTest.java,/home/tasfia/Desktop/OE25-DEV/projects_decomposed/commons-weaver/modules/privilizer/weaver/src/it/sample/src/main/java/org/apache/commons/weaver/privilizer/example/StaticNoArgs.java,org.apache.commons.weaver.privilizer.example.StaticNoArgs,org.apache.commons.weaver.privilizer.example,ASSERTION_ONLY
weav_27_1,commons-weaver,StaticNoArgsTest,,modules/privilizer/weaver/src/it/sample/src/test/java/org/apache/commons/weaver/privilizer/example/StaticNoArgsTest.java,/home/tasfia/Desktop/OE25-DEV/projects_decomposed/commons-weaver/modules/privilizer/weaver/src/it/sample/src/main/java/org/apache/commons/weaver/privilizer/example/StaticNoArgs.java,org.apache.commons.weaver.privilizer.example.StaticNoArgs,org.apache.commons.weaver.privilizer.example,FAIL_ONLY
weav_28_1,commons-weaver,PrivateMethodsTest,,modules/privilizer/weaver/src/it/sample/src/test/java/org/apache/commons/weaver/privilizer/example/PrivateMethodsTest.java,/home/tasfia/Desktop/OE25-DEV/projects_decomposed/commons-weaver/modules/privilizer/weaver/src/it/sample/src/main/java/org/apache/commons/weaver/privilizer/example/PrivateMethods.java,org.apache.commons.weaver.privilizer.example.PrivateMethods,org.apache.commons.weaver.privilizer.example,ASSERTION_ONLY
weav_28_2,commons-weaver,PrivateMethodsTest,,modules/privilizer/weaver/src/it/sample/src/test/java/org/apache/commons/weaver/privilizer/example/PrivateMethodsTest.java,/home/tasfia/Desktop/OE25-DEV/projects_decomposed/commons-weaver/modules/privilizer/weaver/src/it/sample/src/main/java/org/apache/commons/weaver/privilizer/example/PrivateMethods.java,org.apache.commons.weaver.privilizer.example.PrivateMethods,org.apache.commons.weaver.privilizer.example,ASSERTION_ONLY
weav_28_3,commons-weaver,PrivateMethodsTest,,modules/privilizer/weaver/src/it/sample/src/test/java/org/apache/commons/weaver/privilizer/example/PrivateMethodsTest.java,/home/tasfia/Desktop/OE25-DEV/projects_decomposed/commons-weaver/modules/privilizer/weaver/src/it/sample/src/main/java/org/apache/commons/weaver/privilizer/example/PrivateMethods.java,org.apache.commons.weaver.privilizer.example.PrivateMethods,org.apache.commons.weaver.privilizer.example,ASSERTION_ONLY
weav_29_1,commons-weaver,StaticUsingArgsTest,,modules/privilizer/weaver/src/it/sample/src/test/java/org/apache/commons/weaver/privilizer/example/StaticUsingArgsTest.java,/home/tasfia/Desktop/OE25-DEV/projects_decomposed/commons-weaver/modules/privilizer/weaver/src/it/sample/src/main/java/org/apache/commons/weaver/privilizer/example/StaticUsingArgs.java,org.apache.commons.weaver.privilizer.example.StaticUsingArgs,org.apache.commons.weaver.privilizer.example,ASSERTION_ONLY
weav_29_2,commons-weaver,StaticUsingArgsTest,,modules/privilizer/weaver/src/it/sample/src/test/java/org/apache/commons/weaver/privilizer/example/StaticUsingArgsTest.java,/home/tasfia/Desktop/OE25-DEV/projects_decomposed/commons-weaver/modules/privilizer/weaver/src/it/sample/src/main/java/org/apache/commons/weaver/privilizer/example/StaticUsingArgs.java,org.apache.commons.weaver.privilizer.example.StaticUsingArgs,org.apache.commons.weaver.privilizer.example,ASSERTION_ONLY
weav_29_3,commons-weaver,StaticUsingArgsTest,,modules/privilizer/weaver/src/it/sample/src/test/java/org/apache/commons/weaver/privilizer/example/StaticUsingArgsTest.java,/home/tasfia/Desktop/OE25-DEV/projects_decomposed/commons-weaver/modules/privilizer/weaver/src/it/sample/src/main/java/org/apache/commons/weaver/privilizer/example/StaticUsingArgs.java,org.apache.commons.weaver.privilizer.example.StaticUsingArgs,org.apache.commons.weaver.privilizer.example,ASSERTION_ONLY
weav_30_1,commons-weaver,StaticUsingArgsTest,,modules/privilizer/weaver/src/it/sample/src/test/java/org/apache/commons/weaver/privilizer/example/StaticUsingArgsTest.java,,,,ASSERTION_ONLY
weav_30_2,commons-weaver,StaticUsingArgsTest,,modules/privilizer/weaver/src/it/sample/src/test/java/org/apache/commons/weaver/privilizer/example/StaticUsingArgsTest.java,/home/tasfia/Desktop/OE25-DEV/projects_decomposed/commons-weaver/modules/privilizer/weaver/src/it/sample/src/main/java/org/apache/commons/weaver/privilizer/example/StaticUsingArgs.java,org.apache.commons.weaver.privilizer.example.StaticUsingArgs,org.apache.commons.weaver.privilizer.example,ASSERTION_ONLY
weav_30_3,commons-weaver,StaticUsingArgsTest,,modules/privilizer/weaver/src/it/sample/src/test/java/org/apache/commons/weaver/privilizer/example/StaticUsingArgsTest.java,/home/tasfia/Desktop/OE25-DEV/projects_decomposed/commons-weaver/modules/privilizer/weaver/src/it/sample/src/main/java/org/apache/commons/weaver/privilizer/example/StaticUsingArgs.java,org.apache.commons.weaver.privilizer.example.StaticUsingArgs,org.apache.commons.weaver.privilizer.example,ASSERTION_ONLY
weav_31_1,commons-weaver,StaticUsingArgsTest,,modules/privilizer/weaver/src/it/sample/src/test/java/org/apache/commons/weaver/privilizer/example/StaticUsingArgsTest.java,/home/tasfia/Desktop/OE25-DEV/projects_decomposed/commons-weaver/modules/privilizer/weaver/src/it/sample/src/main/java/org/apache/commons/weaver/privilizer/example/StaticUsingArgs.java,org.apache.commons.weaver.privilizer.example.StaticUsingArgs,org.apache.commons.weaver.privilizer.example,ASSERTION_ONLY
weav_31_2,commons-weaver,StaticUsingArgsTest,,modules/privilizer/weaver/src/it/sample/src/test/java/org/apache/commons/weaver/privilizer/example/StaticUsingArgsTest.java,/home/tasfia/Desktop/OE25-DEV/projects_decomposed/commons-weaver/modules/privilizer/weaver/src/it/sample/src/main/java/org/apache/commons/weaver/privilizer/example/StaticUsingArgs.java,org.apache.commons.weaver.privilizer.example.StaticUsingArgs,org.apache.commons.weaver.privilizer.example,ASSERTION_ONLY
weav_31_3,commons-weaver,StaticUsingArgsTest,,modules/privilizer/weaver/src/it/sample/src/test/java/org/apache/commons/weaver/privilizer/example/StaticUsingArgsTest.java,/home/tasfia/Desktop/OE25-DEV/projects_decomposed/commons-weaver/modules/privilizer/weaver/src/it/sample/src/main/java/org/apache/commons/weaver/privilizer/example/StaticUsingArgs.java,org.apache.commons.weaver.privilizer.example.StaticUsingArgs,org.apache.commons.weaver.privilizer.example,ASSERTION_ONLY
weav_32_1,commons-weaver,StaticUsingArgsTest,,modules/privilizer/weaver/src/it/sample/src/test/java/org/apache/commons/weaver/privilizer/example/StaticUsingArgsTest.java,/home/tasfia/Desktop/OE25-DEV/projects_decomposed/commons-weaver/modules/privilizer/weaver/src/it/sample/src/main/java/org/apache/commons/weaver/privilizer/example/StaticUsingArgs.java,org.apache.commons.weaver.privilizer.example.StaticUsingArgs,org.apache.commons.weaver.privilizer.example,ASSERTION_ONLY
weav_33_1,commons-weaver,NoArgsTest,,modules/privilizer/weaver/src/it/sample/src/test/java/org/apache/commons/weaver/privilizer/example/NoArgsTest.java,/home/tasfia/Desktop/OE25-DEV/projects_decomposed/commons-weaver/modules/privilizer/weaver/src/it/sample/src/main/java/org/apache/commons/weaver/privilizer/example/NoArgs.java,org.apache.commons.weaver.privilizer.example.NoArgs,org.apache.commons.weaver.privilizer.example,ASSERTION_ONLY
weav_34_1,commons-weaver,NoArgsTest,,modules/privilizer/weaver/src/it/sample/src/test/java/org/apache/commons/weaver/privilizer/example/NoArgsTest.java,/home/tasfia/Desktop/OE25-DEV/projects_decomposed/commons-weaver/modules/privilizer/weaver/src/it/sample/src/main/java/org/apache/commons/weaver/privilizer/example/NoArgs.java,org.apache.commons.weaver.privilizer.example.NoArgs,org.apache.commons.weaver.privilizer.example,ASSERTION_ONLY
weav_35_1,commons-weaver,NoArgsTest,,modules/privilizer/weaver/src/it/sample/src/test/java/org/apache/commons/weaver/privilizer/example/NoArgsTest.java,/home/tasfia/Desktop/OE25-DEV/projects_decomposed/commons-weaver/modules/privilizer/weaver/src/it/sample/src/main/java/org/apache/commons/weaver/privilizer/example/NoArgs.java,org.apache.commons.weaver.privilizer.example.NoArgs,org.apache.commons.weaver.privilizer.example,ASSERTION_ONLY
weav_37_1,commons-weaver,NoArgsTest,,modules/privilizer/weaver/src/it/sample/src/test/java/org/apache/commons/weaver/privilizer/example/NoArgsTest.java,/home/tasfia/Desktop/OE25-DEV/projects_decomposed/commons-weaver/modules/privilizer/weaver/src/it/sample/src/main/java/org/apache/commons/weaver/privilizer/example/NoArgs.java,org.apache.commons.weaver.privilizer.example.NoArgs,org.apache.commons.weaver.privilizer.example,FAIL_ONLY
weav_38_1,commons-weaver,UsingBlueprintsTest,,modules/privilizer/weaver/src/it/sample/src/test/java/org/apache/commons/weaver/privilizer/example/UsingBlueprintsTest.java,/home/tasfia/Desktop/OE25-DEV/projects_decomposed/commons-weaver/modules/privilizer/weaver/src/it/sample/src/main/java/org/apache/commons/weaver/privilizer/example/UsingBlueprints.java,org.apache.commons.weaver.privilizer.example.UsingBlueprints,org.apache.commons.weaver.privilizer.example,ASSERTION_ONLY
weav_39_1,commons-weaver,UsingBlueprintsTest,,modules/privilizer/weaver/src/it/sample/src/test/java/org/apache/commons/weaver/privilizer/example/UsingBlueprintsTest.java,/home/tasfia/Desktop/OE25-DEV/projects_decomposed/commons-weaver/modules/privilizer/weaver/src/it/sample/src/main/java/org/apache/commons/weaver/privilizer/example/UsingBlueprints.java,org.apache.commons.weaver.privilizer.example.UsingBlueprints,org.apache.commons.weaver.privilizer.example,ASSERTION_ONLY
weav_40_1,commons-weaver,UsingBlueprintsTest,,modules/privilizer/weaver/src/it/sample/src/test/java/org/apache/commons/weaver/privilizer/example/UsingBlueprintsTest.java,/home/tasfia/Desktop/OE25-DEV/projects_decomposed/commons-weaver/modules/privilizer/weaver/src/it/sample/src/main/java/org/apache/commons/weaver/privilizer/example/UsingBlueprints.java,org.apache.commons.weaver.privilizer.example.UsingBlueprints,org.apache.commons.weaver.privilizer.example,ASSERTION_ONLY
weav_41_1,commons-weaver,UsingBlueprintsTest,,modules/privilizer/weaver/src/it/sample/src/test/java/org/apache/commons/weaver/privilizer/example/UsingBlueprintsTest.java,/home/tasfia/Desktop/OE25-DEV/projects_decomposed/commons-weaver/modules/privilizer/weaver/src/it/sample/src/main/java/org/apache/commons/weaver/privilizer/example/UsingBlueprints.java,org.apache.commons.weaver.privilizer.example.UsingBlueprints,org.apache.commons.weaver.privilizer.example,ASSERTION_ONLY
weav_41_2,commons-weaver,UsingBlueprintsTest,,modules/privilizer/weaver/src/it/sample/src/test/java/org/apache/commons/weaver/privilizer/example/UsingBlueprintsTest.java,/home/tasfia/Desktop/OE25-DEV/projects_decomposed/commons-weaver/modules/privilizer/weaver/src/it/sample/src/main/java/org/apache/commons/weaver/privilizer/example/UsingBlueprints.java,org.apache.commons.weaver.privilizer.example.UsingBlueprints,org.apache.commons.weaver.privilizer.example,ASSERTION_ONLY
weav_41_3,commons-weaver,UsingBlueprintsTest,,modules/privilizer/weaver/src/it/sample/src/test/java/org/apache/commons/weaver/privilizer/example/UsingBlueprintsTest.java,/home/tasfia/Desktop/OE25-DEV/projects_decomposed/commons-weaver/modules/privilizer/weaver/src/it/sample/src/main/java/org/apache/commons/weaver/privilizer/example/UsingBlueprints.java,org.apache.commons.weaver.privilizer.example.UsingBlueprints,org.apache.commons.weaver.privilizer.example,ASSERTION_ONLY
weav_42_1,commons-weaver,UsingBlueprintsTest,,modules/privilizer/weaver/src/it/sample/src/test/java/org/apache/commons/weaver/privilizer/example/UsingBlueprintsTest.java,/home/tasfia/Desktop/OE25-DEV/projects_decomposed/commons-weaver/modules/privilizer/weaver/src/it/sample/src/main/java/org/apache/commons/weaver/privilizer/example/UsingBlueprints.java,org.apache.commons.weaver.privilizer.example.UsingBlueprints,org.apache.commons.weaver.privilizer.example,ASSERTION_ONLY
weav_42_2,commons-weaver,UsingBlueprintsTest,,modules/privilizer/weaver/src/it/sample/src/test/java/org/apache/commons/weaver/privilizer/example/UsingBlueprintsTest.java,/home/tasfia/Desktop/OE25-DEV/projects_decomposed/commons-weaver/modules/privilizer/weaver/src/it/sample/src/main/java/org/apache/commons/weaver/privilizer/example/UsingBlueprints.java,org.apache.commons.weaver.privilizer.example.UsingBlueprints,org.apache.commons.weaver.privilizer.example,ASSERTION_ONLY
weav_42_3,commons-weaver,UsingBlueprintsTest,,modules/privilizer/weaver/src/it/sample/src/test/java/org/apache/commons/weaver/privilizer/example/UsingBlueprintsTest.java,/home/tasfia/Desktop/OE25-DEV/projects_decomposed/commons-weaver/modules/privilizer/weaver/src/it/sample/src/main/java/org/apache/commons/weaver/privilizer/example/UsingBlueprints.java,org.apache.commons.weaver.privilizer.example.UsingBlueprints,org.apache.commons.weaver.privilizer.example,ASSERTION_ONLY
weav_43_1,commons-weaver,UsingBlueprintsTest,,modules/privilizer/weaver/src/it/sample/src/test/java/org/apache/commons/weaver/privilizer/example/UsingBlueprintsTest.java,/home/tasfia/Desktop/OE25-DEV/projects_decomposed/commons-weaver/modules/privilizer/weaver/src/it/sample/src/main/java/org/apache/commons/weaver/privilizer/example/UsingBlueprints.java,org.apache.commons.weaver.privilizer.example.UsingBlueprints,org.apache.commons.weaver.privilizer.example,ASSERTION_ONLY
weav_44_1,commons-weaver,UsingBlueprintsTest,,modules/privilizer/weaver/src/it/sample/src/test/java/org/apache/commons/weaver/privilizer/example/UsingBlueprintsTest.java,/home/tasfia/Desktop/OE25-DEV/projects_decomposed/commons-weaver/processor/src/main/java/org/apache/commons/weaver/model/WeaveEnvironment.java,org.apache.commons.weaver.model.WeaveEnvironment.Resource,org.apache.commons.weaver.model,ASSERTION_ONLY
weav_45_1,commons-weaver,OverloadingTest,,modules/privilizer/weaver/src/it/sample/src/test/java/org/apache/commons/weaver/privilizer/example/OverloadingTest.java,/home/tasfia/Desktop/OE25-DEV/projects_decomposed/commons-weaver/modules/privilizer/weaver/src/it/sample/src/main/java/org/apache/commons/weaver/privilizer/example/Overloading.java,org.apache.commons.weaver.privilizer.example.Overloading,org.apache.commons.weaver.privilizer.example,ASSERTION_ONLY
weav_46_1,commons-weaver,OverloadingTest,,modules/privilizer/weaver/src/it/sample/src/test/java/org/apache/commons/weaver/privilizer/example/OverloadingTest.java,/home/tasfia/Desktop/OE25-DEV/projects_decomposed/commons-weaver/modules/privilizer/weaver/src/it/sample/src/main/java/org/apache/commons/weaver/privilizer/example/Overloading.java,org.apache.commons.weaver.privilizer.example.Overloading,org.apache.commons.weaver.privilizer.example,ASSERTION_ONLY
weav_47_1,commons-weaver,OverloadingTest,,modules/privilizer/weaver/src/it/sample/src/test/java/org/apache/commons/weaver/privilizer/example/OverloadingTest.java,/home/tasfia/Desktop/OE25-DEV/projects_decomposed/commons-weaver/modules/privilizer/weaver/src/it/sample/src/main/java/org/apache/commons/weaver/privilizer/example/Overloading.java,org.apache.commons.weaver.privilizer.example.Overloading,org.apache.commons.weaver.privilizer.example,ASSERTION_ONLY
weav_48_1,commons-weaver,StaticOverloadingTest,,modules/privilizer/weaver/src/it/sample/src/test/java/org/apache/commons/weaver/privilizer/example/StaticOverloadingTest.java,/home/tasfia/Desktop/OE25-DEV/projects_decomposed/commons-weaver/modules/privilizer/weaver/src/it/sample/src/main/java/org/apache/commons/weaver/privilizer/example/StaticOverloading.java,org.apache.commons.weaver.privilizer.example.StaticOverloading,org.apache.commons.weaver.privilizer.example,ASSERTION_ONLY
weav_49_1,commons-weaver,StaticOverloadingTest,,modules/privilizer/weaver/src/it/sample/src/test/java/org/apache/commons/weaver/privilizer/example/StaticOverloadingTest.java,/home/tasfia/Desktop/OE25-DEV/projects_decomposed/commons-weaver/modules/privilizer/weaver/src/it/sample/src/main/java/org/apache/commons/weaver/privilizer/example/StaticOverloading.java,org.apache.commons.weaver.privilizer.example.StaticOverloading,org.apache.commons.weaver.privilizer.example,ASSERTION_ONLY
weav_50_1,commons-weaver,StaticOverloadingTest,,modules/privilizer/weaver/src/it/sample/src/test/java/org/apache/commons/weaver/privilizer/example/StaticOverloadingTest.java,/home/tasfia/Desktop/OE25-DEV/projects_decomposed/commons-weaver/modules/privilizer/weaver/src/it/sample/src/main/java/org/apache/commons/weaver/privilizer/example/StaticOverloading.java,org.apache.commons.weaver.privilizer.example.StaticOverloading,org.apache.commons.weaver.privilizer.example,ASSERTION_ONLY
weav_left_11_1,commons-weaver,UtilsTest,,modules/normalizer/src/test/java/org/apache/commons/weaver/normalizer/UtilsTest.java,,,,ASSERTION_ONLY
weav_left_11_2,commons-weaver,UtilsTest,,modules/normalizer/src/test/java/org/apache/commons/weaver/normalizer/UtilsTest.java,/home/tasfia/Desktop/OE25-DEV/projects_decomposed/commons-weaver/modules/normalizer/src/main/java/org/apache/commons/weaver/normalizer/Utils.java,org.apache.commons.weaver.normalizer.Utils,org.apache.commons.weaver.normalizer,ASSERTION_ONLY
weav_left_11_3,commons-weaver,UtilsTest,,modules/normalizer/src/test/java/org/apache/commons/weaver/normalizer/UtilsTest.java,/home/tasfia/Desktop/OE25-DEV/projects_decomposed/commons-weaver/modules/normalizer/src/main/java/org/apache/commons/weaver/normalizer/Utils.java,org.apache.commons.weaver.normalizer.Utils,org.apache.commons.weaver.normalizer,ASSERTION_ONLY
weav_left_11_4,commons-weaver,UtilsTest,,modules/normalizer/src/test/java/org/apache/commons/weaver/normalizer/UtilsTest.java,/home/tasfia/Desktop/OE25-DEV/projects_decomposed/commons-weaver/modules/normalizer/src/main/java/org/apache/commons/weaver/normalizer/Utils.java,org.apache.commons.weaver.normalizer.Utils,org.apache.commons.weaver.normalizer,ASSERTION_ONLY
weav_left_11_5,commons-weaver,UtilsTest,,modules/normalizer/src/test/java/org/apache/commons/weaver/normalizer/UtilsTest.java,/home/tasfia/Desktop/OE25-DEV/projects_decomposed/commons-weaver/modules/normalizer/src/main/java/org/apache/commons/weaver/normalizer/Utils.java,org.apache.commons.weaver.normalizer.Utils,org.apache.commons.weaver.normalizer,ASSERTION_ONLY
