id,project,test_class,test_name,test_file_path,focal_file_path,focal_class,focal_package,oracle_type,junit_version,assert_kind,assert_name
weav_3_1,commons-weaver,FinderTest,testFindAssignableTypes_1_oe,processor/src/test/java/org/apache/commons/weaver/FinderTest.java,/home/tasfia/Desktop/OE25-DEV/projects_decomposed/commons-weaver/processor/src/main/java/org/apache/commons/weaver/Finder.java,org.apache.commons.weaver.Finder.IncludesClassfile,org.apache.commons.weaver,assert,unknown,standard,assertEquals
weav_3_2,commons-weaver,FinderTest,testFindAssignableTypes_2_oe,processor/src/test/java/org/apache/commons/weaver/FinderTest.java,/home/tasfia/Desktop/OE25-DEV/projects_decomposed/commons-weaver/processor/src/main/java/org/apache/commons/weaver/Finder.java,org.apache.commons.weaver.Finder.IncludesClassfile,org.apache.commons.weaver,assert,unknown,standard,assertTrue
weav_3_3,commons-weaver,FinderTest,testFindAssignableTypes_3_oe,processor/src/test/java/org/apache/commons/weaver/FinderTest.java,/home/tasfia/Desktop/OE25-DEV/projects_decomposed/commons-weaver/processor/src/main/java/org/apache/commons/weaver/Finder.java,org.apache.commons.weaver.Finder.IncludesClassfile,org.apache.commons.weaver,assert,unknown,standard,assertEquals
weav_3_4,commons-weaver,FinderTest,testFindAssignableTypes_4_oe,processor/src/test/java/org/apache/commons/weaver/FinderTest.java,/home/tasfia/Desktop/OE25-DEV/projects_decomposed/commons-weaver/processor/src/main/java/org/apache/commons/weaver/Finder.java,org.apache.commons.weaver.Finder.IncludesClassfile,org.apache.commons.weaver,assert,unknown,standard,assertTrue
weav_3_5,commons-weaver,FinderTest,testFindAssignableTypes_5_oe,processor/src/test/java/org/apache/commons/weaver/FinderTest.java,/home/tasfia/Desktop/OE25-DEV/projects_decomposed/commons-weaver/processor/src/main/java/org/apache/commons/weaver/Finder.java,org.apache.commons.weaver.Finder.IncludesClassfile,org.apache.commons.weaver,assert,unknown,standard,assertTrue
weav_4_1,commons-weaver,FinderTest,testFindAllTypes_1_oe,processor/src/test/java/org/apache/commons/weaver/FinderTest.java,/home/tasfia/Desktop/OE25-DEV/projects_decomposed/commons-weaver/processor/src/main/java/org/apache/commons/weaver/Finder.java,org.apache.commons.weaver.Finder.WithAnnotations,org.apache.commons.weaver,assert,unknown,standard,assertThat
weav_5_1,commons-weaver,ArgsTest,testCompare_1_oe,processor/src/test/java/org/apache/commons/weaver/utils/ArgsTest.java,/home/tasfia/Desktop/OE25-DEV/projects_decomposed/commons-weaver/processor/src/main/java/org/apache/commons/weaver/utils/Args.java,org.apache.commons.weaver.utils.Args,org.apache.commons.weaver.utils,assert,unknown,standard,assertTrue
weav_5_2,commons-weaver,ArgsTest,testCompare_2_oe,processor/src/test/java/org/apache/commons/weaver/utils/ArgsTest.java,/home/tasfia/Desktop/OE25-DEV/projects_decomposed/commons-weaver/processor/src/main/java/org/apache/commons/weaver/utils/Args.java,org.apache.commons.weaver.utils.Args,org.apache.commons.weaver.utils,assert,unknown,standard,assertTrue
weav_5_3,commons-weaver,ArgsTest,testCompare_3_oe,processor/src/test/java/org/apache/commons/weaver/utils/ArgsTest.java,/home/tasfia/Desktop/OE25-DEV/projects_decomposed/commons-weaver/processor/src/main/java/org/apache/commons/weaver/utils/Args.java,org.apache.commons.weaver.utils.Args,org.apache.commons.weaver.utils,assert,unknown,standard,assertTrue
weav_5_4,commons-weaver,ArgsTest,testCompare_4_oe,processor/src/test/java/org/apache/commons/weaver/utils/ArgsTest.java,/home/tasfia/Desktop/OE25-DEV/projects_decomposed/commons-weaver/processor/src/main/java/org/apache/commons/weaver/utils/Args.java,org.apache.commons.weaver.utils.Args,org.apache.commons.weaver.utils,assert,unknown,standard,assertTrue
weav_5_5,commons-weaver,ArgsTest,testCompare_5_oe,processor/src/test/java/org/apache/commons/weaver/utils/ArgsTest.java,/home/tasfia/Desktop/OE25-DEV/projects_decomposed/commons-weaver/processor/src/main/java/org/apache/commons/weaver/utils/Args.java,org.apache.commons.weaver.utils.Args,org.apache.commons.weaver.utils,assert,unknown,standard,assertTrue
weav_5_6,commons-weaver,ArgsTest,testCompare_6_oe,processor/src/test/java/org/apache/commons/weaver/utils/ArgsTest.java,/home/tasfia/Desktop/OE25-DEV/projects_decomposed/commons-weaver/processor/src/main/java/org/apache/commons/weaver/utils/Args.java,org.apache.commons.weaver.utils.Args,org.apache.commons.weaver.utils,assert,unknown,standard,assertTrue
weav_5_7,commons-weaver,ArgsTest,testCompare_7_oe,processor/src/test/java/org/apache/commons/weaver/utils/ArgsTest.java,/home/tasfia/Desktop/OE25-DEV/projects_decomposed/commons-weaver/processor/src/main/java/org/apache/commons/weaver/utils/Args.java,org.apache.commons.weaver.utils.Args,org.apache.commons.weaver.utils,assert,unknown,standard,assertTrue
weav_5_8,commons-weaver,ArgsTest,testCompare_8_oe,processor/src/test/java/org/apache/commons/weaver/utils/ArgsTest.java,/home/tasfia/Desktop/OE25-DEV/projects_decomposed/commons-weaver/processor/src/main/java/org/apache/commons/weaver/utils/Args.java,org.apache.commons.weaver.utils.Args,org.apache.commons.weaver.utils,assert,unknown,standard,assertTrue
weav_5_9,commons-weaver,ArgsTest,testCompare_9_oe,processor/src/test/java/org/apache/commons/weaver/utils/ArgsTest.java,/home/tasfia/Desktop/OE25-DEV/projects_decomposed/commons-weaver/processor/src/main/java/org/apache/commons/weaver/utils/Args.java,org.apache.commons.weaver.utils.Args,org.apache.commons.weaver.utils,assert,unknown,standard,assertTrue
weav_5_10,commons-weaver,ArgsTest,testCompare_10_oe,processor/src/test/java/org/apache/commons/weaver/utils/ArgsTest.java,/home/tasfia/Desktop/OE25-DEV/projects_decomposed/commons-weaver/processor/src/main/java/org/apache/commons/weaver/utils/Args.java,org.apache.commons.weaver.utils.Args,org.apache.commons.weaver.utils,assert,unknown,standard,assertTrue
weav_6_1,commons-weaver,ProvidersTest,testSort_1_oe,processor/src/test/java/org/apache/commons/weaver/utils/ProvidersTest.java,/home/tasfia/Desktop/OE25-DEV/projects_decomposed/commons-weaver/processor/src/main/java/org/apache/commons/weaver/utils/Providers.java,org.apache.commons.weaver.utils.Providers,org.apache.commons.weaver.utils,assert,unknown,standard,assertThat
weav_6_2,commons-weaver,ProvidersTest,testSort_2_oe,processor/src/test/java/org/apache/commons/weaver/utils/ProvidersTest.java,/home/tasfia/Desktop/OE25-DEV/projects_decomposed/commons-weaver/processor/src/main/java/org/apache/commons/weaver/utils/Providers.java,org.apache.commons.weaver.utils.Providers,org.apache.commons.weaver.utils,assert,unknown,standard,assertThat
weav_7_1,commons-weaver,WeaveProcessorTest,testWeaveVisiting_1_oe,processor/src/test/java/org/apache/commons/weaver/test/WeaveProcessorTest.java,/home/tasfia/Desktop/OE25-DEV/projects_decomposed/commons-weaver/processor/src/main/java/org/apache/commons/weaver/WeaveProcessor.java,org.apache.commons.weaver.WeaveProcessor,org.apache.commons.weaver,assert,unknown,standard,assertEquals
weav_7_2,commons-weaver,WeaveProcessorTest,testWeaveVisiting_2_oe,processor/src/test/java/org/apache/commons/weaver/test/WeaveProcessorTest.java,/home/tasfia/Desktop/OE25-DEV/projects_decomposed/commons-weaver/processor/src/main/java/org/apache/commons/weaver/Finder.java,org.apache.commons.weaver.Finder.IncludesClassfile,org.apache.commons.weaver,assert,unknown,standard,assertEquals
weav_7_3,commons-weaver,WeaveProcessorTest,testWeaveVisiting_3_oe,processor/src/test/java/org/apache/commons/weaver/test/WeaveProcessorTest.java,/home/tasfia/Desktop/OE25-DEV/projects_decomposed/commons-weaver/processor/src/main/java/org/apache/commons/weaver/WeaveProcessor.java,org.apache.commons.weaver.WeaveProcessor,org.apache.commons.weaver,assert,unknown,standard,assertEquals
weav_7_4,commons-weaver,WeaveProcessorTest,testWeaveVisiting_4_oe,processor/src/test/java/org/apache/commons/weaver/test/WeaveProcessorTest.java,/home/tasfia/Desktop/OE25-DEV/projects_decomposed/commons-weaver/processor/src/main/java/org/apache/commons/weaver/Finder.java,org.apache.commons.weaver.Finder.IncludesClassfile,org.apache.commons.weaver,assert,unknown,standard,assertEquals
weav_7_6,commons-weaver,WeaveProcessorTest,testWeaveVisiting_6_oe,processor/src/test/java/org/apache/commons/weaver/test/WeaveProcessorTest.java,/home/tasfia/Desktop/OE25-DEV/projects_decomposed/commons-weaver/processor/src/main/java/org/apache/commons/weaver/Finder.java,org.apache.commons.weaver.Finder.IncludesClassfile,org.apache.commons.weaver,assert,unknown,standard,assertEquals
weav_7_8,commons-weaver,WeaveProcessorTest,testWeaveVisiting_8_oe,processor/src/test/java/org/apache/commons/weaver/test/WeaveProcessorTest.java,/home/tasfia/Desktop/OE25-DEV/projects_decomposed/commons-weaver/processor/src/main/java/org/apache/commons/weaver/WeaveProcessor.java,org.apache.commons.weaver.WeaveProcessor,org.apache.commons.weaver,assert,unknown,standard,assertTrue
weav_8_1,commons-weaver,CleanProcessorTest,testWeaveVisiting_1_oe,processor/src/test/java/org/apache/commons/weaver/test/CleanProcessorTest.java,/home/tasfia/Desktop/OE25-DEV/projects_decomposed/commons-weaver/processor/src/main/java/org/apache/commons/weaver/model/WeaveEnvironment.java,org.apache.commons.weaver.model.WeaveEnvironment.Resource,org.apache.commons.weaver.model,assert,unknown,standard,assertFalse
weav_8_2,commons-weaver,CleanProcessorTest,testWeaveVisiting_2_oe,processor/src/test/java/org/apache/commons/weaver/test/CleanProcessorTest.java,/home/tasfia/Desktop/OE25-DEV/projects_decomposed/commons-weaver/processor/src/main/java/org/apache/commons/weaver/model/WeaveEnvironment.java,org.apache.commons.weaver.model.WeaveEnvironment.Resource,org.apache.commons.weaver.model,assert,unknown,standard,assertFalse
weav_9_1,commons-weaver,UtilsTest,testValidatePackageName_1_oe,modules/normalizer/src/test/java/org/apache/commons/weaver/normalizer/UtilsTest.java,/home/tasfia/Desktop/OE25-DEV/projects_decomposed/commons-weaver/modules/normalizer/src/main/java/org/apache/commons/weaver/normalizer/Utils.java,org.apache.commons.weaver.normalizer.Utils,org.apache.commons.weaver.normalizer,assert,unknown,standard,assertEquals
weav_9_2,commons-weaver,UtilsTest,testValidatePackageName_2_oe,modules/normalizer/src/test/java/org/apache/commons/weaver/normalizer/UtilsTest.java,/home/tasfia/Desktop/OE25-DEV/projects_decomposed/commons-weaver/modules/normalizer/src/main/java/org/apache/commons/weaver/normalizer/Utils.java,org.apache.commons.weaver.normalizer.Utils,org.apache.commons.weaver.normalizer,assert,unknown,standard,assertEquals
weav_9_3,commons-weaver,UtilsTest,testValidatePackageName_3_oe,modules/normalizer/src/test/java/org/apache/commons/weaver/normalizer/UtilsTest.java,/home/tasfia/Desktop/OE25-DEV/projects_decomposed/commons-weaver/modules/normalizer/src/main/java/org/apache/commons/weaver/normalizer/Utils.java,org.apache.commons.weaver.normalizer.Utils,org.apache.commons.weaver.normalizer,assert,unknown,standard,assertEquals
weav_9_4,commons-weaver,UtilsTest,testValidatePackageName_4_oe,modules/normalizer/src/test/java/org/apache/commons/weaver/normalizer/UtilsTest.java,/home/tasfia/Desktop/OE25-DEV/projects_decomposed/commons-weaver/modules/normalizer/src/main/java/org/apache/commons/weaver/normalizer/Utils.java,org.apache.commons.weaver.normalizer.Utils,org.apache.commons.weaver.normalizer,assert,unknown,standard,assertEquals
weav_9_5,commons-weaver,UtilsTest,testValidatePackageName_5_oe,modules/normalizer/src/test/java/org/apache/commons/weaver/normalizer/UtilsTest.java,/home/tasfia/Desktop/OE25-DEV/projects_decomposed/commons-weaver/modules/normalizer/src/main/java/org/apache/commons/weaver/normalizer/Utils.java,org.apache.commons.weaver.normalizer.Utils,org.apache.commons.weaver.normalizer,assert,unknown,standard,assertEquals
weav_9_6,commons-weaver,UtilsTest,testValidatePackageName_6_oe,modules/normalizer/src/test/java/org/apache/commons/weaver/normalizer/UtilsTest.java,/home/tasfia/Desktop/OE25-DEV/projects_decomposed/commons-weaver/modules/normalizer/src/main/java/org/apache/commons/weaver/normalizer/Utils.java,org.apache.commons.weaver.normalizer.Utils,org.apache.commons.weaver.normalizer,assert,unknown,standard,assertEquals
weav_9_7,commons-weaver,UtilsTest,testValidatePackageName_7_oe,modules/normalizer/src/test/java/org/apache/commons/weaver/normalizer/UtilsTest.java,/home/tasfia/Desktop/OE25-DEV/projects_decomposed/commons-weaver/modules/normalizer/src/main/java/org/apache/commons/weaver/normalizer/Utils.java,org.apache.commons.weaver.normalizer.Utils,org.apache.commons.weaver.normalizer,assert,unknown,standard,assertEquals
weav_9_8,commons-weaver,UtilsTest,testValidatePackageName_8_oe,modules/normalizer/src/test/java/org/apache/commons/weaver/normalizer/UtilsTest.java,/home/tasfia/Desktop/OE25-DEV/projects_decomposed/commons-weaver/modules/normalizer/src/main/java/org/apache/commons/weaver/normalizer/Utils.java,org.apache.commons.weaver.normalizer.Utils,org.apache.commons.weaver.normalizer,assert,unknown,standard,assertEquals
weav_9_9,commons-weaver,UtilsTest,testValidatePackageName_9_oe,modules/normalizer/src/test/java/org/apache/commons/weaver/normalizer/UtilsTest.java,/home/tasfia/Desktop/OE25-DEV/projects_decomposed/commons-weaver/modules/normalizer/src/main/java/org/apache/commons/weaver/normalizer/Utils.java,org.apache.commons.weaver.normalizer.Utils,org.apache.commons.weaver.normalizer,assert,unknown,standard,assertEquals
weav_9_10,commons-weaver,UtilsTest,testValidatePackageName_10_oe,modules/normalizer/src/test/java/org/apache/commons/weaver/normalizer/UtilsTest.java,/home/tasfia/Desktop/OE25-DEV/projects_decomposed/commons-weaver/modules/normalizer/src/main/java/org/apache/commons/weaver/normalizer/Utils.java,org.apache.commons.weaver.normalizer.Utils,org.apache.commons.weaver.normalizer,assert,unknown,standard,assertEquals
weav_9_11,commons-weaver,UtilsTest,testValidatePackageName_11_oe,modules/normalizer/src/test/java/org/apache/commons/weaver/normalizer/UtilsTest.java,/home/tasfia/Desktop/OE25-DEV/projects_decomposed/commons-weaver/modules/normalizer/src/main/java/org/apache/commons/weaver/normalizer/Utils.java,org.apache.commons.weaver.normalizer.Utils,org.apache.commons.weaver.normalizer,assert,unknown,standard,assertEquals
weav_9_12,commons-weaver,UtilsTest,testValidatePackageName_12_oe,modules/normalizer/src/test/java/org/apache/commons/weaver/normalizer/UtilsTest.java,/home/tasfia/Desktop/OE25-DEV/projects_decomposed/commons-weaver/modules/normalizer/src/main/java/org/apache/commons/weaver/normalizer/Utils.java,org.apache.commons.weaver.normalizer.Utils,org.apache.commons.weaver.normalizer,assert,unknown,standard,assertEquals
weav_11_1,commons-weaver,UsingArgsTest,testGetProperty_1_oe,modules/privilizer/weaver/src/it/sample/src/test/java/org/apache/commons/weaver/privilizer/example/UsingArgsTest.java,/home/tasfia/Desktop/OE25-DEV/projects_decomposed/commons-weaver/modules/privilizer/weaver/src/it/sample/src/main/java/org/apache/commons/weaver/privilizer/example/UsingArgs.java,org.apache.commons.weaver.privilizer.example.UsingArgs,org.apache.commons.weaver.privilizer.example,assert,unknown,standard,assertEquals
weav_11_2,commons-weaver,UsingArgsTest,testGetProperty_2_oe,modules/privilizer/weaver/src/it/sample/src/test/java/org/apache/commons/weaver/privilizer/example/UsingArgsTest.java,/home/tasfia/Desktop/OE25-DEV/projects_decomposed/commons-weaver/modules/privilizer/weaver/src/it/sample/src/main/java/org/apache/commons/weaver/privilizer/example/UsingArgs.java,org.apache.commons.weaver.privilizer.example.UsingArgs,org.apache.commons.weaver.privilizer.example,assert,unknown,standard,assertEquals
weav_11_3,commons-weaver,UsingArgsTest,testGetProperty_3_oe,modules/privilizer/weaver/src/it/sample/src/test/java/org/apache/commons/weaver/privilizer/example/UsingArgsTest.java,/home/tasfia/Desktop/OE25-DEV/projects_decomposed/commons-weaver/modules/privilizer/weaver/src/it/sample/src/main/java/org/apache/commons/weaver/privilizer/example/UsingArgs.java,org.apache.commons.weaver.privilizer.example.UsingArgs,org.apache.commons.weaver.privilizer.example,assert,unknown,standard,assertEquals
weav_12_1,commons-weaver,UsingArgsTest,testGetProperties_1_oe,modules/privilizer/weaver/src/it/sample/src/test/java/org/apache/commons/weaver/privilizer/example/UsingArgsTest.java,,,,assert,unknown,standard,assertTrue
weav_12_2,commons-weaver,UsingArgsTest,testGetProperties_2_oe,modules/privilizer/weaver/src/it/sample/src/test/java/org/apache/commons/weaver/privilizer/example/UsingArgsTest.java,/home/tasfia/Desktop/OE25-DEV/projects_decomposed/commons-weaver/modules/privilizer/weaver/src/it/sample/src/main/java/org/apache/commons/weaver/privilizer/example/UsingArgs.java,org.apache.commons.weaver.privilizer.example.UsingArgs,org.apache.commons.weaver.privilizer.example,assert,unknown,standard,assertEquals
weav_12_3,commons-weaver,UsingArgsTest,testGetProperties_3_oe,modules/privilizer/weaver/src/it/sample/src/test/java/org/apache/commons/weaver/privilizer/example/UsingArgsTest.java,/home/tasfia/Desktop/OE25-DEV/projects_decomposed/commons-weaver/modules/privilizer/weaver/src/it/sample/src/main/java/org/apache/commons/weaver/privilizer/example/UsingArgs.java,org.apache.commons.weaver.privilizer.example.UsingArgs,org.apache.commons.weaver.privilizer.example,assert,unknown,standard,assertNull
weav_13_1,commons-weaver,UsingArgsTest,testAssembleAndGetProperty_1_oe,modules/privilizer/weaver/src/it/sample/src/test/java/org/apache/commons/weaver/privilizer/example/UsingArgsTest.java,/home/tasfia/Desktop/OE25-DEV/projects_decomposed/commons-weaver/modules/privilizer/weaver/src/it/sample/src/main/java/org/apache/commons/weaver/privilizer/example/UsingArgs.java,org.apache.commons.weaver.privilizer.example.UsingArgs,org.apache.commons.weaver.privilizer.example,assert,unknown,standard,assertEquals
weav_13_2,commons-weaver,UsingArgsTest,testAssembleAndGetProperty_2_oe,modules/privilizer/weaver/src/it/sample/src/test/java/org/apache/commons/weaver/privilizer/example/UsingArgsTest.java,/home/tasfia/Desktop/OE25-DEV/projects_decomposed/commons-weaver/modules/privilizer/weaver/src/it/sample/src/main/java/org/apache/commons/weaver/privilizer/example/UsingArgs.java,org.apache.commons.weaver.privilizer.example.UsingArgs,org.apache.commons.weaver.privilizer.example,assert,unknown,standard,assertEquals
weav_13_3,commons-weaver,UsingArgsTest,testAssembleAndGetProperty_3_oe,modules/privilizer/weaver/src/it/sample/src/test/java/org/apache/commons/weaver/privilizer/example/UsingArgsTest.java,/home/tasfia/Desktop/OE25-DEV/projects_decomposed/commons-weaver/modules/privilizer/weaver/src/it/sample/src/main/java/org/apache/commons/weaver/privilizer/example/UsingArgs.java,org.apache.commons.weaver.privilizer.example.UsingArgs,org.apache.commons.weaver.privilizer.example,assert,unknown,standard,assertEquals
weav_14_1,commons-weaver,UsingArgsTest,testThrowingCheckedException_1_oe,modules/privilizer/weaver/src/it/sample/src/test/java/org/apache/commons/weaver/privilizer/example/UsingArgsTest.java,/home/tasfia/Desktop/OE25-DEV/projects_decomposed/commons-weaver/modules/privilizer/weaver/src/it/sample/src/main/java/org/apache/commons/weaver/privilizer/example/UsingArgs.java,org.apache.commons.weaver.privilizer.example.UsingArgs,org.apache.commons.weaver.privilizer.example,assert,unknown,standard,assertEquals
weav_15_1,commons-weaver,MethodReferencesUsingBlueprintsTest,testUtilsReadPublicConstant_1_oe,modules/privilizer/weaver/src/it/sample/src/test/java/org/apache/commons/weaver/privilizer/example/MethodReferencesUsingBlueprintsTest.java,/home/tasfia/Desktop/OE25-DEV/projects_decomposed/commons-weaver/modules/privilizer/weaver/src/it/sample/src/main/java/org/apache/commons/weaver/privilizer/example/MethodReferencesUsingBlueprints.java,org.apache.commons.weaver.privilizer.example.MethodReferencesUsingBlueprints,org.apache.commons.weaver.privilizer.example,assert,unknown,standard,assertEquals
weav_16_1,commons-weaver,MethodReferencesUsingBlueprintsTest,testUtilsReadPrivateField_1_oe,modules/privilizer/weaver/src/it/sample/src/test/java/org/apache/commons/weaver/privilizer/example/MethodReferencesUsingBlueprintsTest.java,/home/tasfia/Desktop/OE25-DEV/projects_decomposed/commons-weaver/modules/privilizer/weaver/src/it/sample/src/main/java/org/apache/commons/weaver/privilizer/example/MethodReferencesUsingBlueprints.java,org.apache.commons.weaver.privilizer.example.MethodReferencesUsingBlueprints,org.apache.commons.weaver.privilizer.example,assert,unknown,standard,assertEquals
weav_17_1,commons-weaver,MethodReferencesUsingBlueprintsTest,testUtilsGetProperty_1_oe,modules/privilizer/weaver/src/it/sample/src/test/java/org/apache/commons/weaver/privilizer/example/MethodReferencesUsingBlueprintsTest.java,/home/tasfia/Desktop/OE25-DEV/projects_decomposed/commons-weaver/modules/privilizer/weaver/src/it/sample/src/main/java/org/apache/commons/weaver/privilizer/example/MethodReferencesUsingBlueprints.java,org.apache.commons.weaver.privilizer.example.MethodReferencesUsingBlueprints,org.apache.commons.weaver.privilizer.example,assert,unknown,standard,assertEquals
weav_18_1,commons-weaver,MethodReferencesUsingBlueprintsTest,testUtilsGetProperty_String_1_oe,modules/privilizer/weaver/src/it/sample/src/test/java/org/apache/commons/weaver/privilizer/example/MethodReferencesUsingBlueprintsTest.java,/home/tasfia/Desktop/OE25-DEV/projects_decomposed/commons-weaver/modules/privilizer/weaver/src/it/sample/src/main/java/org/apache/commons/weaver/privilizer/example/MethodReferencesUsingBlueprints.java,org.apache.commons.weaver.privilizer.example.MethodReferencesUsingBlueprints,org.apache.commons.weaver.privilizer.example,assert,unknown,standard,assertEquals
weav_18_2,commons-weaver,MethodReferencesUsingBlueprintsTest,testUtilsGetProperty_String_2_oe,modules/privilizer/weaver/src/it/sample/src/test/java/org/apache/commons/weaver/privilizer/example/MethodReferencesUsingBlueprintsTest.java,/home/tasfia/Desktop/OE25-DEV/projects_decomposed/commons-weaver/modules/privilizer/weaver/src/it/sample/src/main/java/org/apache/commons/weaver/privilizer/example/MethodReferencesUsingBlueprints.java,org.apache.commons.weaver.privilizer.example.MethodReferencesUsingBlueprints,org.apache.commons.weaver.privilizer.example,assert,unknown,standard,assertEquals
weav_18_3,commons-weaver,MethodReferencesUsingBlueprintsTest,testUtilsGetProperty_String_3_oe,modules/privilizer/weaver/src/it/sample/src/test/java/org/apache/commons/weaver/privilizer/example/MethodReferencesUsingBlueprintsTest.java,/home/tasfia/Desktop/OE25-DEV/projects_decomposed/commons-weaver/modules/privilizer/weaver/src/it/sample/src/main/java/org/apache/commons/weaver/privilizer/example/MethodReferencesUsingBlueprints.java,org.apache.commons.weaver.privilizer.example.MethodReferencesUsingBlueprints,org.apache.commons.weaver.privilizer.example,assert,unknown,standard,assertEquals
weav_19_1,commons-weaver,MethodReferencesUsingBlueprintsTest,testUtilsGetProperty_int_String_1_oe,modules/privilizer/weaver/src/it/sample/src/test/java/org/apache/commons/weaver/privilizer/example/MethodReferencesUsingBlueprintsTest.java,/home/tasfia/Desktop/OE25-DEV/projects_decomposed/commons-weaver/modules/privilizer/weaver/src/it/sample/src/main/java/org/apache/commons/weaver/privilizer/example/MethodReferencesUsingBlueprints.java,org.apache.commons.weaver.privilizer.example.MethodReferencesUsingBlueprints,org.apache.commons.weaver.privilizer.example,assert,unknown,standard,assertEquals
weav_19_2,commons-weaver,MethodReferencesUsingBlueprintsTest,testUtilsGetProperty_int_String_2_oe,modules/privilizer/weaver/src/it/sample/src/test/java/org/apache/commons/weaver/privilizer/example/MethodReferencesUsingBlueprintsTest.java,/home/tasfia/Desktop/OE25-DEV/projects_decomposed/commons-weaver/modules/privilizer/weaver/src/it/sample/src/main/java/org/apache/commons/weaver/privilizer/example/MethodReferencesUsingBlueprints.java,org.apache.commons.weaver.privilizer.example.MethodReferencesUsingBlueprints,org.apache.commons.weaver.privilizer.example,assert,unknown,standard,assertEquals
weav_19_3,commons-weaver,MethodReferencesUsingBlueprintsTest,testUtilsGetProperty_int_String_3_oe,modules/privilizer/weaver/src/it/sample/src/test/java/org/apache/commons/weaver/privilizer/example/MethodReferencesUsingBlueprintsTest.java,/home/tasfia/Desktop/OE25-DEV/projects_decomposed/commons-weaver/modules/privilizer/weaver/src/it/sample/src/main/java/org/apache/commons/weaver/privilizer/example/MethodReferencesUsingBlueprints.java,org.apache.commons.weaver.privilizer.example.MethodReferencesUsingBlueprints,org.apache.commons.weaver.privilizer.example,assert,unknown,standard,assertEquals
weav_20_1,commons-weaver,MethodReferencesUsingBlueprintsTest,testMoreGetProperty_1_oe,modules/privilizer/weaver/src/it/sample/src/test/java/org/apache/commons/weaver/privilizer/example/MethodReferencesUsingBlueprintsTest.java,/home/tasfia/Desktop/OE25-DEV/projects_decomposed/commons-weaver/modules/privilizer/weaver/src/it/sample/src/main/java/org/apache/commons/weaver/privilizer/example/MethodReferencesUsingBlueprints.java,org.apache.commons.weaver.privilizer.example.MethodReferencesUsingBlueprints,org.apache.commons.weaver.privilizer.example,assert,unknown,standard,assertEquals
weav_21_1,commons-weaver,MethodReferencesUsingBlueprintsTest,testMoreGetTopStackElementClassName_1_oe,modules/privilizer/weaver/src/it/sample/src/test/java/org/apache/commons/weaver/privilizer/example/MethodReferencesUsingBlueprintsTest.java,/home/tasfia/Desktop/OE25-DEV/projects_decomposed/commons-weaver/processor/src/main/java/org/apache/commons/weaver/model/WeaveEnvironment.java,org.apache.commons.weaver.model.WeaveEnvironment.Resource,org.apache.commons.weaver.model,assert,unknown,standard,assertEquals
weav_22_1,commons-weaver,StaticPrivateMethodsTest,testGet_1_oe,modules/privilizer/weaver/src/it/sample/src/test/java/org/apache/commons/weaver/privilizer/example/StaticPrivateMethodsTest.java,/home/tasfia/Desktop/OE25-DEV/projects_decomposed/commons-weaver/modules/privilizer/weaver/src/it/sample/src/main/java/org/apache/commons/weaver/privilizer/example/StaticPrivateMethods.java,org.apache.commons.weaver.privilizer.example.StaticPrivateMethods,org.apache.commons.weaver.privilizer.example,assert,unknown,standard,assertEquals
weav_22_2,commons-weaver,StaticPrivateMethodsTest,testGet_2_oe,modules/privilizer/weaver/src/it/sample/src/test/java/org/apache/commons/weaver/privilizer/example/StaticPrivateMethodsTest.java,/home/tasfia/Desktop/OE25-DEV/projects_decomposed/commons-weaver/modules/privilizer/weaver/src/it/sample/src/main/java/org/apache/commons/weaver/privilizer/example/StaticPrivateMethods.java,org.apache.commons.weaver.privilizer.example.StaticPrivateMethods,org.apache.commons.weaver.privilizer.example,assert,unknown,standard,assertEquals
weav_22_3,commons-weaver,StaticPrivateMethodsTest,testGet_3_oe,modules/privilizer/weaver/src/it/sample/src/test/java/org/apache/commons/weaver/privilizer/example/StaticPrivateMethodsTest.java,/home/tasfia/Desktop/OE25-DEV/projects_decomposed/commons-weaver/modules/privilizer/weaver/src/it/sample/src/main/java/org/apache/commons/weaver/privilizer/example/StaticPrivateMethods.java,org.apache.commons.weaver.privilizer.example.StaticPrivateMethods,org.apache.commons.weaver.privilizer.example,assert,unknown,standard,assertEquals
weav_23_1,commons-weaver,StaticNoArgsTest,testGetFoo_1_oe,modules/privilizer/weaver/src/it/sample/src/test/java/org/apache/commons/weaver/privilizer/example/StaticNoArgsTest.java,/home/tasfia/Desktop/OE25-DEV/projects_decomposed/commons-weaver/modules/privilizer/weaver/src/it/sample/src/main/java/org/apache/commons/weaver/privilizer/example/StaticNoArgs.java,org.apache.commons.weaver.privilizer.example.StaticNoArgs,org.apache.commons.weaver.privilizer.example,assert,unknown,standard,assertEquals
weav_24_1,commons-weaver,StaticNoArgsTest,testGetTrue_1_oe,modules/privilizer/weaver/src/it/sample/src/test/java/org/apache/commons/weaver/privilizer/example/StaticNoArgsTest.java,/home/tasfia/Desktop/OE25-DEV/projects_decomposed/commons-weaver/modules/privilizer/weaver/src/it/sample/src/main/java/org/apache/commons/weaver/privilizer/example/StaticNoArgs.java,org.apache.commons.weaver.privilizer.example.StaticNoArgs,org.apache.commons.weaver.privilizer.example,assert,unknown,standard,assertSame
weav_25_1,commons-weaver,StaticNoArgsTest,testGetFalse_1_oe,modules/privilizer/weaver/src/it/sample/src/test/java/org/apache/commons/weaver/privilizer/example/StaticNoArgsTest.java,/home/tasfia/Desktop/OE25-DEV/projects_decomposed/commons-weaver/modules/privilizer/weaver/src/it/sample/src/main/java/org/apache/commons/weaver/privilizer/example/StaticNoArgs.java,org.apache.commons.weaver.privilizer.example.StaticNoArgs,org.apache.commons.weaver.privilizer.example,assert,unknown,standard,assertFalse
weav_27_1,commons-weaver,StaticNoArgsTest,testThrowingCheckedException2_1_oe,modules/privilizer/weaver/src/it/sample/src/test/java/org/apache/commons/weaver/privilizer/example/StaticNoArgsTest.java,/home/tasfia/Desktop/OE25-DEV/projects_decomposed/commons-weaver/modules/privilizer/weaver/src/it/sample/src/main/java/org/apache/commons/weaver/privilizer/example/StaticNoArgs.java,org.apache.commons.weaver.privilizer.example.StaticNoArgs,org.apache.commons.weaver.privilizer.example,assert,unknown,standard,fail
weav_28_1,commons-weaver,PrivateMethodsTest,testGet_1_oe,modules/privilizer/weaver/src/it/sample/src/test/java/org/apache/commons/weaver/privilizer/example/PrivateMethodsTest.java,/home/tasfia/Desktop/OE25-DEV/projects_decomposed/commons-weaver/modules/privilizer/weaver/src/it/sample/src/main/java/org/apache/commons/weaver/privilizer/example/PrivateMethods.java,org.apache.commons.weaver.privilizer.example.PrivateMethods,org.apache.commons.weaver.privilizer.example,assert,unknown,standard,assertEquals
weav_28_2,commons-weaver,PrivateMethodsTest,testGet_2_oe,modules/privilizer/weaver/src/it/sample/src/test/java/org/apache/commons/weaver/privilizer/example/PrivateMethodsTest.java,/home/tasfia/Desktop/OE25-DEV/projects_decomposed/commons-weaver/modules/privilizer/weaver/src/it/sample/src/main/java/org/apache/commons/weaver/privilizer/example/PrivateMethods.java,org.apache.commons.weaver.privilizer.example.PrivateMethods,org.apache.commons.weaver.privilizer.example,assert,unknown,standard,assertEquals
weav_28_3,commons-weaver,PrivateMethodsTest,testGet_3_oe,modules/privilizer/weaver/src/it/sample/src/test/java/org/apache/commons/weaver/privilizer/example/PrivateMethodsTest.java,/home/tasfia/Desktop/OE25-DEV/projects_decomposed/commons-weaver/modules/privilizer/weaver/src/it/sample/src/main/java/org/apache/commons/weaver/privilizer/example/PrivateMethods.java,org.apache.commons.weaver.privilizer.example.PrivateMethods,org.apache.commons.weaver.privilizer.example,assert,unknown,standard,assertEquals
weav_29_1,commons-weaver,StaticUsingArgsTest,testGetProperty_1_oe,modules/privilizer/weaver/src/it/sample/src/test/java/org/apache/commons/weaver/privilizer/example/StaticUsingArgsTest.java,/home/tasfia/Desktop/OE25-DEV/projects_decomposed/commons-weaver/modules/privilizer/weaver/src/it/sample/src/main/java/org/apache/commons/weaver/privilizer/example/StaticUsingArgs.java,org.apache.commons.weaver.privilizer.example.StaticUsingArgs,org.apache.commons.weaver.privilizer.example,assert,unknown,standard,assertEquals
weav_29_2,commons-weaver,StaticUsingArgsTest,testGetProperty_2_oe,modules/privilizer/weaver/src/it/sample/src/test/java/org/apache/commons/weaver/privilizer/example/StaticUsingArgsTest.java,/home/tasfia/Desktop/OE25-DEV/projects_decomposed/commons-weaver/modules/privilizer/weaver/src/it/sample/src/main/java/org/apache/commons/weaver/privilizer/example/StaticUsingArgs.java,org.apache.commons.weaver.privilizer.example.StaticUsingArgs,org.apache.commons.weaver.privilizer.example,assert,unknown,standard,assertEquals
weav_29_3,commons-weaver,StaticUsingArgsTest,testGetProperty_3_oe,modules/privilizer/weaver/src/it/sample/src/test/java/org/apache/commons/weaver/privilizer/example/StaticUsingArgsTest.java,/home/tasfia/Desktop/OE25-DEV/projects_decomposed/commons-weaver/modules/privilizer/weaver/src/it/sample/src/main/java/org/apache/commons/weaver/privilizer/example/StaticUsingArgs.java,org.apache.commons.weaver.privilizer.example.StaticUsingArgs,org.apache.commons.weaver.privilizer.example,assert,unknown,standard,assertEquals
weav_30_1,commons-weaver,StaticUsingArgsTest,testGetProperties_1_oe,modules/privilizer/weaver/src/it/sample/src/test/java/org/apache/commons/weaver/privilizer/example/StaticUsingArgsTest.java,,,,assert,unknown,standard,assertTrue
weav_30_2,commons-weaver,StaticUsingArgsTest,testGetProperties_2_oe,modules/privilizer/weaver/src/it/sample/src/test/java/org/apache/commons/weaver/privilizer/example/StaticUsingArgsTest.java,/home/tasfia/Desktop/OE25-DEV/projects_decomposed/commons-weaver/modules/privilizer/weaver/src/it/sample/src/main/java/org/apache/commons/weaver/privilizer/example/StaticUsingArgs.java,org.apache.commons.weaver.privilizer.example.StaticUsingArgs,org.apache.commons.weaver.privilizer.example,assert,unknown,standard,assertEquals
weav_30_3,commons-weaver,StaticUsingArgsTest,testGetProperties_3_oe,modules/privilizer/weaver/src/it/sample/src/test/java/org/apache/commons/weaver/privilizer/example/StaticUsingArgsTest.java,/home/tasfia/Desktop/OE25-DEV/projects_decomposed/commons-weaver/modules/privilizer/weaver/src/it/sample/src/main/java/org/apache/commons/weaver/privilizer/example/StaticUsingArgs.java,org.apache.commons.weaver.privilizer.example.StaticUsingArgs,org.apache.commons.weaver.privilizer.example,assert,unknown,standard,assertNull
weav_31_1,commons-weaver,StaticUsingArgsTest,testAssembleAndGetProperty_1_oe,modules/privilizer/weaver/src/it/sample/src/test/java/org/apache/commons/weaver/privilizer/example/StaticUsingArgsTest.java,/home/tasfia/Desktop/OE25-DEV/projects_decomposed/commons-weaver/modules/privilizer/weaver/src/it/sample/src/main/java/org/apache/commons/weaver/privilizer/example/StaticUsingArgs.java,org.apache.commons.weaver.privilizer.example.StaticUsingArgs,org.apache.commons.weaver.privilizer.example,assert,unknown,standard,assertEquals
weav_31_2,commons-weaver,StaticUsingArgsTest,testAssembleAndGetProperty_2_oe,modules/privilizer/weaver/src/it/sample/src/test/java/org/apache/commons/weaver/privilizer/example/StaticUsingArgsTest.java,/home/tasfia/Desktop/OE25-DEV/projects_decomposed/commons-weaver/modules/privilizer/weaver/src/it/sample/src/main/java/org/apache/commons/weaver/privilizer/example/StaticUsingArgs.java,org.apache.commons.weaver.privilizer.example.StaticUsingArgs,org.apache.commons.weaver.privilizer.example,assert,unknown,standard,assertEquals
weav_31_3,commons-weaver,StaticUsingArgsTest,testAssembleAndGetProperty_3_oe,modules/privilizer/weaver/src/it/sample/src/test/java/org/apache/commons/weaver/privilizer/example/StaticUsingArgsTest.java,/home/tasfia/Desktop/OE25-DEV/projects_decomposed/commons-weaver/modules/privilizer/weaver/src/it/sample/src/main/java/org/apache/commons/weaver/privilizer/example/StaticUsingArgs.java,org.apache.commons.weaver.privilizer.example.StaticUsingArgs,org.apache.commons.weaver.privilizer.example,assert,unknown,standard,assertEquals
weav_32_1,commons-weaver,StaticUsingArgsTest,testThrowingCheckedException_1_oe,modules/privilizer/weaver/src/it/sample/src/test/java/org/apache/commons/weaver/privilizer/example/StaticUsingArgsTest.java,/home/tasfia/Desktop/OE25-DEV/projects_decomposed/commons-weaver/modules/privilizer/weaver/src/it/sample/src/main/java/org/apache/commons/weaver/privilizer/example/StaticUsingArgs.java,org.apache.commons.weaver.privilizer.example.StaticUsingArgs,org.apache.commons.weaver.privilizer.example,assert,unknown,standard,assertEquals
weav_33_1,commons-weaver,NoArgsTest,testGetFoo_1_oe,modules/privilizer/weaver/src/it/sample/src/test/java/org/apache/commons/weaver/privilizer/example/NoArgsTest.java,/home/tasfia/Desktop/OE25-DEV/projects_decomposed/commons-weaver/modules/privilizer/weaver/src/it/sample/src/main/java/org/apache/commons/weaver/privilizer/example/NoArgs.java,org.apache.commons.weaver.privilizer.example.NoArgs,org.apache.commons.weaver.privilizer.example,assert,unknown,standard,assertEquals
weav_34_1,commons-weaver,NoArgsTest,testGetTrue_1_oe,modules/privilizer/weaver/src/it/sample/src/test/java/org/apache/commons/weaver/privilizer/example/NoArgsTest.java,/home/tasfia/Desktop/OE25-DEV/projects_decomposed/commons-weaver/modules/privilizer/weaver/src/it/sample/src/main/java/org/apache/commons/weaver/privilizer/example/NoArgs.java,org.apache.commons.weaver.privilizer.example.NoArgs,org.apache.commons.weaver.privilizer.example,assert,unknown,standard,assertSame
weav_35_1,commons-weaver,NoArgsTest,testGetFalse_1_oe,modules/privilizer/weaver/src/it/sample/src/test/java/org/apache/commons/weaver/privilizer/example/NoArgsTest.java,/home/tasfia/Desktop/OE25-DEV/projects_decomposed/commons-weaver/modules/privilizer/weaver/src/it/sample/src/main/java/org/apache/commons/weaver/privilizer/example/NoArgs.java,org.apache.commons.weaver.privilizer.example.NoArgs,org.apache.commons.weaver.privilizer.example,assert,unknown,standard,assertFalse
weav_37_1,commons-weaver,NoArgsTest,testThrowingCheckedException2_1_oe,modules/privilizer/weaver/src/it/sample/src/test/java/org/apache/commons/weaver/privilizer/example/NoArgsTest.java,/home/tasfia/Desktop/OE25-DEV/projects_decomposed/commons-weaver/modules/privilizer/weaver/src/it/sample/src/main/java/org/apache/commons/weaver/privilizer/example/NoArgs.java,org.apache.commons.weaver.privilizer.example.NoArgs,org.apache.commons.weaver.privilizer.example,assert,unknown,standard,fail
weav_38_1,commons-weaver,UsingBlueprintsTest,testUtilsReadPublicConstant_1_oe,modules/privilizer/weaver/src/it/sample/src/test/java/org/apache/commons/weaver/privilizer/example/UsingBlueprintsTest.java,/home/tasfia/Desktop/OE25-DEV/projects_decomposed/commons-weaver/modules/privilizer/weaver/src/it/sample/src/main/java/org/apache/commons/weaver/privilizer/example/UsingBlueprints.java,org.apache.commons.weaver.privilizer.example.UsingBlueprints,org.apache.commons.weaver.privilizer.example,assert,unknown,standard,assertEquals
weav_39_1,commons-weaver,UsingBlueprintsTest,testUtilsReadPrivateField_1_oe,modules/privilizer/weaver/src/it/sample/src/test/java/org/apache/commons/weaver/privilizer/example/UsingBlueprintsTest.java,/home/tasfia/Desktop/OE25-DEV/projects_decomposed/commons-weaver/modules/privilizer/weaver/src/it/sample/src/main/java/org/apache/commons/weaver/privilizer/example/UsingBlueprints.java,org.apache.commons.weaver.privilizer.example.UsingBlueprints,org.apache.commons.weaver.privilizer.example,assert,unknown,standard,assertEquals
weav_40_1,commons-weaver,UsingBlueprintsTest,testUtilsGetProperty_1_oe,modules/privilizer/weaver/src/it/sample/src/test/java/org/apache/commons/weaver/privilizer/example/UsingBlueprintsTest.java,/home/tasfia/Desktop/OE25-DEV/projects_decomposed/commons-weaver/modules/privilizer/weaver/src/it/sample/src/main/java/org/apache/commons/weaver/privilizer/example/UsingBlueprints.java,org.apache.commons.weaver.privilizer.example.UsingBlueprints,org.apache.commons.weaver.privilizer.example,assert,unknown,standard,assertEquals
weav_41_1,commons-weaver,UsingBlueprintsTest,testUtilsGetProperty_String_1_oe,modules/privilizer/weaver/src/it/sample/src/test/java/org/apache/commons/weaver/privilizer/example/UsingBlueprintsTest.java,/home/tasfia/Desktop/OE25-DEV/projects_decomposed/commons-weaver/modules/privilizer/weaver/src/it/sample/src/main/java/org/apache/commons/weaver/privilizer/example/UsingBlueprints.java,org.apache.commons.weaver.privilizer.example.UsingBlueprints,org.apache.commons.weaver.privilizer.example,assert,unknown,standard,assertEquals
weav_41_2,commons-weaver,UsingBlueprintsTest,testUtilsGetProperty_String_2_oe,modules/privilizer/weaver/src/it/sample/src/test/java/org/apache/commons/weaver/privilizer/example/UsingBlueprintsTest.java,/home/tasfia/Desktop/OE25-DEV/projects_decomposed/commons-weaver/modules/privilizer/weaver/src/it/sample/src/main/java/org/apache/commons/weaver/privilizer/example/UsingBlueprints.java,org.apache.commons.weaver.privilizer.example.UsingBlueprints,org.apache.commons.weaver.privilizer.example,assert,unknown,standard,assertEquals
weav_41_3,commons-weaver,UsingBlueprintsTest,testUtilsGetProperty_String_3_oe,modules/privilizer/weaver/src/it/sample/src/test/java/org/apache/commons/weaver/privilizer/example/UsingBlueprintsTest.java,/home/tasfia/Desktop/OE25-DEV/projects_decomposed/commons-weaver/modules/privilizer/weaver/src/it/sample/src/main/java/org/apache/commons/weaver/privilizer/example/UsingBlueprints.java,org.apache.commons.weaver.privilizer.example.UsingBlueprints,org.apache.commons.weaver.privilizer.example,assert,unknown,standard,assertEquals
weav_42_1,commons-weaver,UsingBlueprintsTest,testUtilsGetProperty_int_String_1_oe,modules/privilizer/weaver/src/it/sample/src/test/java/org/apache/commons/weaver/privilizer/example/UsingBlueprintsTest.java,/home/tasfia/Desktop/OE25-DEV/projects_decomposed/commons-weaver/modules/privilizer/weaver/src/it/sample/src/main/java/org/apache/commons/weaver/privilizer/example/UsingBlueprints.java,org.apache.commons.weaver.privilizer.example.UsingBlueprints,org.apache.commons.weaver.privilizer.example,assert,unknown,standard,assertEquals
weav_42_2,commons-weaver,UsingBlueprintsTest,testUtilsGetProperty_int_String_2_oe,modules/privilizer/weaver/src/it/sample/src/test/java/org/apache/commons/weaver/privilizer/example/UsingBlueprintsTest.java,/home/tasfia/Desktop/OE25-DEV/projects_decomposed/commons-weaver/modules/privilizer/weaver/src/it/sample/src/main/java/org/apache/commons/weaver/privilizer/example/UsingBlueprints.java,org.apache.commons.weaver.privilizer.example.UsingBlueprints,org.apache.commons.weaver.privilizer.example,assert,unknown,standard,assertEquals
weav_42_3,commons-weaver,UsingBlueprintsTest,testUtilsGetProperty_int_String_3_oe,modules/privilizer/weaver/src/it/sample/src/test/java/org/apache/commons/weaver/privilizer/example/UsingBlueprintsTest.java,/home/tasfia/Desktop/OE25-DEV/projects_decomposed/commons-weaver/modules/privilizer/weaver/src/it/sample/src/main/java/org/apache/commons/weaver/privilizer/example/UsingBlueprints.java,org.apache.commons.weaver.privilizer.example.UsingBlueprints,org.apache.commons.weaver.privilizer.example,assert,unknown,standard,assertEquals
weav_43_1,commons-weaver,UsingBlueprintsTest,testMoreGetProperty_1_oe,modules/privilizer/weaver/src/it/sample/src/test/java/org/apache/commons/weaver/privilizer/example/UsingBlueprintsTest.java,/home/tasfia/Desktop/OE25-DEV/projects_decomposed/commons-weaver/modules/privilizer/weaver/src/it/sample/src/main/java/org/apache/commons/weaver/privilizer/example/UsingBlueprints.java,org.apache.commons.weaver.privilizer.example.UsingBlueprints,org.apache.commons.weaver.privilizer.example,assert,unknown,standard,assertEquals
weav_44_1,commons-weaver,UsingBlueprintsTest,testMoreGetTopStackElementClassName_1_oe,modules/privilizer/weaver/src/it/sample/src/test/java/org/apache/commons/weaver/privilizer/example/UsingBlueprintsTest.java,/home/tasfia/Desktop/OE25-DEV/projects_decomposed/commons-weaver/processor/src/main/java/org/apache/commons/weaver/model/WeaveEnvironment.java,org.apache.commons.weaver.model.WeaveEnvironment.Resource,org.apache.commons.weaver.model,assert,unknown,standard,assertEquals
weav_45_1,commons-weaver,OverloadingTest,testNoArgs_1_oe,modules/privilizer/weaver/src/it/sample/src/test/java/org/apache/commons/weaver/privilizer/example/OverloadingTest.java,/home/tasfia/Desktop/OE25-DEV/projects_decomposed/commons-weaver/modules/privilizer/weaver/src/it/sample/src/main/java/org/apache/commons/weaver/privilizer/example/Overloading.java,org.apache.commons.weaver.privilizer.example.Overloading,org.apache.commons.weaver.privilizer.example,assert,unknown,standard,assertEquals
weav_46_1,commons-weaver,OverloadingTest,testStringArg_1_oe,modules/privilizer/weaver/src/it/sample/src/test/java/org/apache/commons/weaver/privilizer/example/OverloadingTest.java,/home/tasfia/Desktop/OE25-DEV/projects_decomposed/commons-weaver/modules/privilizer/weaver/src/it/sample/src/main/java/org/apache/commons/weaver/privilizer/example/Overloading.java,org.apache.commons.weaver.privilizer.example.Overloading,org.apache.commons.weaver.privilizer.example,assert,unknown,standard,assertEquals
weav_47_1,commons-weaver,OverloadingTest,testCharishArgs_1_oe,modules/privilizer/weaver/src/it/sample/src/test/java/org/apache/commons/weaver/privilizer/example/OverloadingTest.java,/home/tasfia/Desktop/OE25-DEV/projects_decomposed/commons-weaver/modules/privilizer/weaver/src/it/sample/src/main/java/org/apache/commons/weaver/privilizer/example/Overloading.java,org.apache.commons.weaver.privilizer.example.Overloading,org.apache.commons.weaver.privilizer.example,assert,unknown,standard,assertEquals
weav_48_1,commons-weaver,StaticOverloadingTest,testNoArgs_1_oe,modules/privilizer/weaver/src/it/sample/src/test/java/org/apache/commons/weaver/privilizer/example/StaticOverloadingTest.java,/home/tasfia/Desktop/OE25-DEV/projects_decomposed/commons-weaver/modules/privilizer/weaver/src/it/sample/src/main/java/org/apache/commons/weaver/privilizer/example/StaticOverloading.java,org.apache.commons.weaver.privilizer.example.StaticOverloading,org.apache.commons.weaver.privilizer.example,assert,unknown,standard,assertEquals
weav_49_1,commons-weaver,StaticOverloadingTest,testStringArg_1_oe,modules/privilizer/weaver/src/it/sample/src/test/java/org/apache/commons/weaver/privilizer/example/StaticOverloadingTest.java,/home/tasfia/Desktop/OE25-DEV/projects_decomposed/commons-weaver/modules/privilizer/weaver/src/it/sample/src/main/java/org/apache/commons/weaver/privilizer/example/StaticOverloading.java,org.apache.commons.weaver.privilizer.example.StaticOverloading,org.apache.commons.weaver.privilizer.example,assert,unknown,standard,assertEquals
weav_50_1,commons-weaver,StaticOverloadingTest,testCharishArgs_1_oe,modules/privilizer/weaver/src/it/sample/src/test/java/org/apache/commons/weaver/privilizer/example/StaticOverloadingTest.java,/home/tasfia/Desktop/OE25-DEV/projects_decomposed/commons-weaver/modules/privilizer/weaver/src/it/sample/src/main/java/org/apache/commons/weaver/privilizer/example/StaticOverloading.java,org.apache.commons.weaver.privilizer.example.StaticOverloading,org.apache.commons.weaver.privilizer.example,assert,unknown,standard,assertEquals
weav_left_11_1,commons-weaver,UtilsTest,testParseTypes_1_oe,modules/normalizer/src/test/java/org/apache/commons/weaver/normalizer/UtilsTest.java,,,,assert,unknown,custom,assertContainsInOrder
weav_left_11_2,commons-weaver,UtilsTest,testParseTypes_2_oe,modules/normalizer/src/test/java/org/apache/commons/weaver/normalizer/UtilsTest.java,/home/tasfia/Desktop/OE25-DEV/projects_decomposed/commons-weaver/modules/normalizer/src/main/java/org/apache/commons/weaver/normalizer/Utils.java,org.apache.commons.weaver.normalizer.Utils,org.apache.commons.weaver.normalizer,assert,unknown,custom,assertContainsInOrder
weav_left_11_3,commons-weaver,UtilsTest,testParseTypes_3_oe,modules/normalizer/src/test/java/org/apache/commons/weaver/normalizer/UtilsTest.java,/home/tasfia/Desktop/OE25-DEV/projects_decomposed/commons-weaver/modules/normalizer/src/main/java/org/apache/commons/weaver/normalizer/Utils.java,org.apache.commons.weaver.normalizer.Utils,org.apache.commons.weaver.normalizer,assert,unknown,custom,assertContainsInOrder
weav_left_11_4,commons-weaver,UtilsTest,testParseTypes_4_oe,modules/normalizer/src/test/java/org/apache/commons/weaver/normalizer/UtilsTest.java,/home/tasfia/Desktop/OE25-DEV/projects_decomposed/commons-weaver/modules/normalizer/src/main/java/org/apache/commons/weaver/normalizer/Utils.java,org.apache.commons.weaver.normalizer.Utils,org.apache.commons.weaver.normalizer,assert,unknown,custom,assertContainsInOrder
weav_left_11_5,commons-weaver,UtilsTest,testParseTypes_5_oe,modules/normalizer/src/test/java/org/apache/commons/weaver/normalizer/UtilsTest.java,/home/tasfia/Desktop/OE25-DEV/projects_decomposed/commons-weaver/modules/normalizer/src/main/java/org/apache/commons/weaver/normalizer/Utils.java,org.apache.commons.weaver.normalizer.Utils,org.apache.commons.weaver.normalizer,assert,unknown,custom,assertContainsInOrder
